<?xml version="1.0"?>
<h:html xmlns="http://www.w3.org/2002/xforms" xmlns:ev="http://www.w3.org/2001/xml-events" xmlns:h="http://www.w3.org/1999/xhtml" xmlns:jr="http://openrosa.org/javarosa" xmlns:odk="http://www.opendatakit.org/xforms" xmlns:orx="http://openrosa.org/xforms" xmlns:xsd="http://www.w3.org/2001/XMLSchema">
  <h:head>
    <h:title>adjudication_info</h:title>
    <model odk:xforms-version="1.0.0">
      <itext>
        <translation default="true()" lang="default">
          <text id="/data/group_one_start/group_two_start/BA2/01:label">
            <value>Adjudicated</value>
          </text>
          <text id="/data/group_one_start/group_two_start/BA7/13:label">
            <value>Invalid Workflow process variable found</value>
          </text>
          <text id="/data/group_one_start/group_two_start/BA7/04:label">
            <value>No Registration data found</value>
          </text>
          <text id="/data/group_one_start/group_two_start/BA7/07:label">
            <value>No Biometric data found</value>
          </text>
          <text id="/data/group_one_start/group_two_start/BA6:label">
            <value>Last Date Adjudicated</value>
          </text>
          <text id="/data/group_one_start/group_two_start/BA7/09:label">
            <value>Error retrieving Biometric data</value>
          </text>
          <text id="/data/group_one_start/group_two_start/BA1:label">
            <value>Adjudication Status</value>
          </text>
          <text id="/data/group_one_start/group_two_start/BA7/10:label">
            <value>No Adjudication profile found</value>
          </text>
          <text id="/data/group_one_start/group_two_start/BA7/14:label">
            <value>Null Workflow process variable</value>
          </text>
          <text id="/data/group_one_start/group_two_start/BA2/02:label">
            <value>Processing Error</value>
          </text>
          <text id="/data/group_one_start/group_two_start/BA2:label">
            <value>Process Status</value>
          </text>
          <text id="/data/group_one_start/group_two_start/BA7/17:label">
            <value>Deduplication error</value>
          </text>
          <text id="/data/group_one_start/group_two_start/BA2/05:label">
            <value>In review</value>
          </text>
          <text id="/data/group_one_start/group_two_start/BA4:label">
            <value>Deduplication Date</value>
          </text>
          <text id="/data/group_one_start/group_two_start/BA5:label">
            <value>Last Date Deduplicated</value>
          </text>
          <text id="/data/group_one_start/group_two_start/BA7/03:label">
            <value>Error retrieving Biographic data</value>
          </text>
          <text id="/data/group_one_start/group_two_start/BA1/03:label">
            <value>Ignored</value>
          </text>
          <text id="/data/group_one_start/group_two_start/BA7/02:label">
            <value>Biographic fields missing</value>
          </text>
          <text id="/data/group_one_start/group_two_start/BA3:label">
            <value>Date entered</value>
          </text>
          <text id="/data/group_one_start/group_two_start/BA7/15:label">
            <value>Workflow process not started</value>
          </text>
          <text id="/data/group_one_start/group_two_start/BA1/00:label">
            <value>Undefined</value>
          </text>
          <text id="/data/group_one_start/group_two_start/BA2/04:label">
            <value>Ignored</value>
          </text>
          <text id="/data/group_one_start/group_two_start/BA7:label">
            <value>Process Error Code</value>
          </text>
          <text id="/data/group_one_start/group_two_start/BA7/08:label">
            <value>Biometric fields missing</value>
          </text>
          <text id="/data/group_one_start/group_two_start/BA2/00:label">
            <value>Undefined</value>
          </text>
          <text id="/data/group_one_start/group_two_start/BA7/01:label">
            <value>No Biographic data found</value>
          </text>
          <text id="/data/group_one_start/group_two_start/BA7/12:label">
            <value>No Adjudication process found</value>
          </text>
          <text id="/data/group_one_start/group_two_start/BA7/06:label">
            <value>Error retrieving Registration data</value>
          </text>
          <text id="/data/group_one_start/group_two_start/BA7/16:label">
            <value>Workflow engine not initialized</value>
          </text>
          <text id="/data/group_one_start/group_two_start/BA2/03:label">
            <value>Pending</value>
          </text>
          <text id="/data/group_one_start/group_two_start/BA1/01:label">
            <value>Duplicates</value>
          </text>
          <text id="/data/group_one_start/group_two_start/BA7/11:label">
            <value>No Adjudication status found</value>
          </text>
          <text id="/data/group_one_start/group_two_start/BA1/04:label">
            <value>No duplicates</value>
          </text>
          <text id="/data/group_one_start/group_two_start/BA7/05:label">
            <value>Registration fields missing</value>
          </text>
          <text id="/data/group_one_start/group_two_start/BA1/02:label">
            <value>Processing Error</value>
          </text>
        </translation>
        <translation lang="fr">
          <text id="/data/group_one_start/group_two_start/BA2/01:label">
            <value>Analysé</value>
          </text>
          <text id="/data/group_one_start/group_two_start/BA7/13:label">
            <value>Variable de processus de flux de travail non valide trouvée</value>
          </text>
          <text id="/data/group_one_start/group_two_start/BA7/04:label">
            <value>Aucune donnée d'enregistrement trouvée</value>
          </text>
          <text id="/data/group_one_start/group_two_start/BA7/07:label">
            <value>Aucune donnée biométrique trouvée</value>
          </text>
          <text id="/data/group_one_start/group_two_start/BA6:label">
            <value>Dernière analyse</value>
          </text>
          <text id="/data/group_one_start/group_two_start/BA7/09:label">
            <value>Erreur lors de l'obtention des données biométriques</value>
          </text>
          <text id="/data/group_one_start/group_two_start/BA1:label">
            <value>Analyse d'enregistrement de statut</value>
          </text>
          <text id="/data/group_one_start/group_two_start/BA7/10:label">
            <value>Aucun profil d'évaluation trouvé</value>
          </text>
          <text id="/data/group_one_start/group_two_start/BA7/14:label">
            <value>variable de processus de flux de travail Null</value>
          </text>
          <text id="/data/group_one_start/group_two_start/BA2/02:label">
            <value>Erreur de processus</value>
          </text>
          <text id="/data/group_one_start/group_two_start/BA2:label">
            <value>État du processus</value>
          </text>
          <text id="/data/group_one_start/group_two_start/BA7/17:label">
            <value>Deduplizierungsfehler</value>
          </text>
          <text id="/data/group_one_start/group_two_start/BA2/05:label">
            <value>En analyse</value>
          </text>
          <text id="/data/group_one_start/group_two_start/BA4:label">
            <value>Date de traitement</value>
          </text>
          <text id="/data/group_one_start/group_two_start/BA5:label">
            <value>Date du dernier traitement</value>
          </text>
          <text id="/data/group_one_start/group_two_start/BA7/03:label">
            <value>Erreur lors de l'obtention des données biographiques</value>
          </text>
          <text id="/data/group_one_start/group_two_start/BA1/03:label">
            <value>Ignoré</value>
          </text>
          <text id="/data/group_one_start/group_two_start/BA7/02:label">
            <value>Les champs biographiques sont manquants</value>
          </text>
          <text id="/data/group_one_start/group_two_start/BA3:label">
            <value>Date de réception</value>
          </text>
          <text id="/data/group_one_start/group_two_start/BA7/15:label">
            <value>Processus de workflow non démarré</value>
          </text>
          <text id="/data/group_one_start/group_two_start/BA1/00:label">
            <value>Non défini</value>
          </text>
          <text id="/data/group_one_start/group_two_start/BA2/04:label">
            <value>Ignoré</value>
          </text>
          <text id="/data/group_one_start/group_two_start/BA7:label">
            <value>Processus de code d'erreur</value>
          </text>
          <text id="/data/group_one_start/group_two_start/BA7/08:label">
            <value>Les champs biométriques sont manquants</value>
          </text>
          <text id="/data/group_one_start/group_two_start/BA2/00:label">
            <value>Non défini</value>
          </text>
          <text id="/data/group_one_start/group_two_start/BA7/01:label">
            <value>Aucune donnée biographique trouvée</value>
          </text>
          <text id="/data/group_one_start/group_two_start/BA7/12:label">
            <value>Aucun processus décisionnel trouvé</value>
          </text>
          <text id="/data/group_one_start/group_two_start/BA7/06:label">
            <value>Erreur lors de la récupération des données d'enregistrement</value>
          </text>
          <text id="/data/group_one_start/group_two_start/BA7/16:label">
            <value>Moteur de workflow non initialisé</value>
          </text>
          <text id="/data/group_one_start/group_two_start/BA2/03:label">
            <value>En cours</value>
          </text>
          <text id="/data/group_one_start/group_two_start/BA1/01:label">
            <value>Plusieurs inscriptions</value>
          </text>
          <text id="/data/group_one_start/group_two_start/BA7/11:label">
            <value>Aucun statut d'adjudication trouvé</value>
          </text>
          <text id="/data/group_one_start/group_two_start/BA1/04:label">
            <value>Inscription unique</value>
          </text>
          <text id="/data/group_one_start/group_two_start/BA7/05:label">
            <value>Les champs d'inscription sont manquants</value>
          </text>
          <text id="/data/group_one_start/group_two_start/BA1/02:label">
            <value>Erreur de processus</value>
          </text>
        </translation>
        <translation lang="sw">
          <text id="/data/group_one_start/group_two_start/BA2/01:label">
            <value>Iliyohukumiwa</value>
          </text>
          <text id="/data/group_one_start/group_two_start/BA7/13:label">
            <value>Utofauti wa mchakato wa Utiririshaji wa kazi umepatikana</value>
          </text>
          <text id="/data/group_one_start/group_two_start/BA7/04:label">
            <value>Hakuna takwimu ya Usajili iliyopatikana</value>
          </text>
          <text id="/data/group_one_start/group_two_start/BA7/07:label">
            <value>Hakuna takwimu ya Biometri iliyopatikana</value>
          </text>
          <text id="/data/group_one_start/group_two_start/BA6:label">
            <value>Tarehe ya Hivi Punde Kuhukumiwa</value>
          </text>
          <text id="/data/group_one_start/group_two_start/BA7/09:label">
            <value>Hitilafu katika kurudisha takwimu ya Biometriska</value>
          </text>
          <text id="/data/group_one_start/group_two_start/BA1:label">
            <value>Hali ya Uamuzi</value>
          </text>
          <text id="/data/group_one_start/group_two_start/BA7/10:label">
            <value>Hakuna wasifu wa Uamuzi uliopatikana</value>
          </text>
          <text id="/data/group_one_start/group_two_start/BA7/14:label">
            <value>Kibadiliko cha mchakato wa utiririshaji wa kazi  ni sufuri</value>
          </text>
          <text id="/data/group_one_start/group_two_start/BA2/02:label">
            <value>Kosa la kuchakata</value>
          </text>
          <text id="/data/group_one_start/group_two_start/BA2:label">
            <value>Hali ya Mchakato</value>
          </text>
          <text id="/data/group_one_start/group_two_start/BA7/17:label">
            <value>Hitilafu ya udanganyifu</value>
          </text>
          <text id="/data/group_one_start/group_two_start/BA2/05:label">
            <value>Kwa ukaguzi</value>
          </text>
          <text id="/data/group_one_start/group_two_start/BA4:label">
            <value>Tarehe ya Kunakiliwa</value>
          </text>
          <text id="/data/group_one_start/group_two_start/BA5:label">
            <value>Tarehe ya Mwisho Kunakiliwa</value>
          </text>
          <text id="/data/group_one_start/group_two_start/BA7/03:label">
            <value>Hitilafu katika kurudisha takwimu ya Biografia</value>
          </text>
          <text id="/data/group_one_start/group_two_start/BA1/03:label">
            <value>Imepuuzwa</value>
          </text>
          <text id="/data/group_one_start/group_two_start/BA7/02:label">
            <value>Sehemu za wasifu hazipo</value>
          </text>
          <text id="/data/group_one_start/group_two_start/BA3:label">
            <value>Tarehe iliyoingizwa</value>
          </text>
          <text id="/data/group_one_start/group_two_start/BA7/15:label">
            <value>Mchakato wa utiririshaji wa kazi haujaanza</value>
          </text>
          <text id="/data/group_one_start/group_two_start/BA1/00:label">
            <value>Haijafafanuliwa</value>
          </text>
          <text id="/data/group_one_start/group_two_start/BA2/04:label">
            <value>Imepuuzwa</value>
          </text>
          <text id="/data/group_one_start/group_two_start/BA7:label">
            <value>Msimbo wa Hitilafu ya Mchakato</value>
          </text>
          <text id="/data/group_one_start/group_two_start/BA7/08:label">
            <value>Sehemu za biometri hazipo</value>
          </text>
          <text id="/data/group_one_start/group_two_start/BA2/00:label">
            <value>Haijafafanuliwa</value>
          </text>
          <text id="/data/group_one_start/group_two_start/BA7/01:label">
            <value>Hakuna data ya Biografia iliyopatikana</value>
          </text>
          <text id="/data/group_one_start/group_two_start/BA7/12:label">
            <value>Hakuna mchakato wa Uamuzi uliopatikana</value>
          </text>
          <text id="/data/group_one_start/group_two_start/BA7/06:label">
            <value>Hitilafu katika kurudisha takwimu ya Usajili</value>
          </text>
          <text id="/data/group_one_start/group_two_start/BA7/16:label">
            <value>Injini ya mtiririko wa kazi haijaanzishwa</value>
          </text>
          <text id="/data/group_one_start/group_two_start/BA2/03:label">
            <value>Inasubiri</value>
          </text>
          <text id="/data/group_one_start/group_two_start/BA1/01:label">
            <value>Marudio</value>
          </text>
          <text id="/data/group_one_start/group_two_start/BA7/11:label">
            <value>Hakuna hali ya Uhukumu iliyopatikana</value>
          </text>
          <text id="/data/group_one_start/group_two_start/BA1/04:label">
            <value>Hamna marudio</value>
          </text>
          <text id="/data/group_one_start/group_two_start/BA7/05:label">
            <value>Sehemu za usajili hazipo</value>
          </text>
          <text id="/data/group_one_start/group_two_start/BA1/02:label">
            <value>Kosa la kuchakata</value>
          </text>
        </translation>
      </itext>
      <instance>
        <data id="adjudication_info">
          <group_one_start>
            <group_two_start>
              <BA1/>
              <BA2/>
              <BA3/>
              <BA4/>
              <BA5/>
              <BA6/>
              <BA7/>
            </group_two_start>
          </group_one_start>
          <meta>
            <instanceID/>
            <instanceName/>
          </meta>
        </data>
      </instance>
      <bind nodeset="/data/group_one_start/group_two_start/BA1" readonly="true()" type="string"/>
      <bind nodeset="/data/group_one_start/group_two_start/BA2" readonly="true()" type="string"/>
      <bind nodeset="/data/group_one_start/group_two_start/BA3" readonly="true()" type="string"/>
      <bind nodeset="/data/group_one_start/group_two_start/BA4" readonly="true()" type="string"/>
      <bind nodeset="/data/group_one_start/group_two_start/BA5" readonly="true()" type="string"/>
      <bind nodeset="/data/group_one_start/group_two_start/BA6" readonly="true()" type="string"/>
      <bind nodeset="/data/group_one_start/group_two_start/BA7" readonly="true()" type="string"/>
      <bind jr:preload="uid" nodeset="/data/meta/instanceID" readonly="true()" type="string"/>
      <bind calculate="ADJ_info" nodeset="/data/meta/instanceName" type="string"/>
    </model>
  </h:head>
  <h:body>
    <group appearance="field-list" ref="/data/group_one_start">
      <group appearance="field-list" ref="/data/group_one_start/group_two_start">
        <select1 appearance="minimal" ref="/data/group_one_start/group_two_start/BA1">
          <label ref="jr:itext('/data/group_one_start/group_two_start/BA1:label')"/>
          <item>
            <label ref="jr:itext('/data/group_one_start/group_two_start/BA1/00:label')"/>
            <value>00</value>
          </item>
          <item>
            <label ref="jr:itext('/data/group_one_start/group_two_start/BA1/01:label')"/>
            <value>01</value>
          </item>
          <item>
            <label ref="jr:itext('/data/group_one_start/group_two_start/BA1/02:label')"/>
            <value>02</value>
          </item>
          <item>
            <label ref="jr:itext('/data/group_one_start/group_two_start/BA1/03:label')"/>
            <value>03</value>
          </item>
          <item>
            <label ref="jr:itext('/data/group_one_start/group_two_start/BA1/04:label')"/>
            <value>04</value>
          </item>
        </select1>
        <select1 appearance="minimal" ref="/data/group_one_start/group_two_start/BA2">
          <label ref="jr:itext('/data/group_one_start/group_two_start/BA2:label')"/>
          <item>
            <label ref="jr:itext('/data/group_one_start/group_two_start/BA2/00:label')"/>
            <value>00</value>
          </item>
          <item>
            <label ref="jr:itext('/data/group_one_start/group_two_start/BA2/01:label')"/>
            <value>01</value>
          </item>
          <item>
            <label ref="jr:itext('/data/group_one_start/group_two_start/BA2/02:label')"/>
            <value>02</value>
          </item>
          <item>
            <label ref="jr:itext('/data/group_one_start/group_two_start/BA2/03:label')"/>
            <value>03</value>
          </item>
          <item>
            <label ref="jr:itext('/data/group_one_start/group_two_start/BA2/04:label')"/>
            <value>04</value>
          </item>
          <item>
            <label ref="jr:itext('/data/group_one_start/group_two_start/BA2/05:label')"/>
            <value>05</value>
          </item>
        </select1>
        <input ref="/data/group_one_start/group_two_start/BA3">
          <label ref="jr:itext('/data/group_one_start/group_two_start/BA3:label')"/>
        </input>
        <input ref="/data/group_one_start/group_two_start/BA4">
          <label ref="jr:itext('/data/group_one_start/group_two_start/BA4:label')"/>
        </input>
        <input ref="/data/group_one_start/group_two_start/BA5">
          <label ref="jr:itext('/data/group_one_start/group_two_start/BA5:label')"/>
        </input>
        <input ref="/data/group_one_start/group_two_start/BA6">
          <label ref="jr:itext('/data/group_one_start/group_two_start/BA6:label')"/>
        </input>
        <select1 appearance="minimal" ref="/data/group_one_start/group_two_start/BA7">
          <label ref="jr:itext('/data/group_one_start/group_two_start/BA7:label')"/>
          <item>
            <label ref="jr:itext('/data/group_one_start/group_two_start/BA7/01:label')"/>
            <value>01</value>
          </item>
          <item>
            <label ref="jr:itext('/data/group_one_start/group_two_start/BA7/02:label')"/>
            <value>02</value>
          </item>
          <item>
            <label ref="jr:itext('/data/group_one_start/group_two_start/BA7/03:label')"/>
            <value>03</value>
          </item>
          <item>
            <label ref="jr:itext('/data/group_one_start/group_two_start/BA7/04:label')"/>
            <value>04</value>
          </item>
          <item>
            <label ref="jr:itext('/data/group_one_start/group_two_start/BA7/05:label')"/>
            <value>05</value>
          </item>
          <item>
            <label ref="jr:itext('/data/group_one_start/group_two_start/BA7/06:label')"/>
            <value>06</value>
          </item>
          <item>
            <label ref="jr:itext('/data/group_one_start/group_two_start/BA7/07:label')"/>
            <value>07</value>
          </item>
          <item>
            <label ref="jr:itext('/data/group_one_start/group_two_start/BA7/08:label')"/>
            <value>08</value>
          </item>
          <item>
            <label ref="jr:itext('/data/group_one_start/group_two_start/BA7/09:label')"/>
            <value>09</value>
          </item>
          <item>
            <label ref="jr:itext('/data/group_one_start/group_two_start/BA7/10:label')"/>
            <value>10</value>
          </item>
          <item>
            <label ref="jr:itext('/data/group_one_start/group_two_start/BA7/11:label')"/>
            <value>11</value>
          </item>
          <item>
            <label ref="jr:itext('/data/group_one_start/group_two_start/BA7/12:label')"/>
            <value>12</value>
          </item>
          <item>
            <label ref="jr:itext('/data/group_one_start/group_two_start/BA7/13:label')"/>
            <value>13</value>
          </item>
          <item>
            <label ref="jr:itext('/data/group_one_start/group_two_start/BA7/14:label')"/>
            <value>14</value>
          </item>
          <item>
            <label ref="jr:itext('/data/group_one_start/group_two_start/BA7/15:label')"/>
            <value>15</value>
          </item>
          <item>
            <label ref="jr:itext('/data/group_one_start/group_two_start/BA7/16:label')"/>
            <value>16</value>
          </item>
          <item>
            <label ref="jr:itext('/data/group_one_start/group_two_start/BA7/17:label')"/>
            <value>17</value>
          </item>
        </select1>
      </group>
    </group>
  </h:body>
</h:html>
