<?xml version="1.0"?>
<h:html xmlns="http://www.w3.org/2002/xforms" xmlns:ev="http://www.w3.org/2001/xml-events" xmlns:h="http://www.w3.org/1999/xhtml" xmlns:jr="http://openrosa.org/javarosa" xmlns:odk="http://www.opendatakit.org/xforms" xmlns:orx="http://openrosa.org/xforms" xmlns:xsd="http://www.w3.org/2001/XMLSchema">
  <h:head>
    <h:title>eligibility_info</h:title>
    <model odk:xforms-version="1.0.0">
      <itext>
        <translation default="true()" lang="default">
          <text id="/data/group_one_start/group_two_start/BE1/02:label">
            <value>Deceased</value>
          </text>
          <text id="/data/group_one_start/group_two_start/BE1/01:label">
            <value>Active</value>
          </text>
          <text id="/data/group_one_start/group_two_start/BE2:label">
            <value>Verified On</value>
          </text>
          <text id="/data/group_one_start/group_two_start/BE1:label">
            <value>Person Status</value>
          </text>
          <text id="/data/group_one_start/group_two_start/BE1/05:label">
            <value>Temporarily removed</value>
          </text>
          <text id="/data/group_one_start/group_two_start/BE3:label">
            <value>Verified By</value>
          </text>
          <text id="/data/group_one_start/group_two_start/BE1/04:label">
            <value>Permanently removed</value>
          </text>
          <text id="/data/group_one_start/group_two_start/BE1/03:label">
            <value>Ignored</value>
          </text>
          <text id="/data/group_one_start/group_two_start/BE1/00:label">
            <value>Undefined</value>
          </text>
        </translation>
        <translation lang="fr">
          <text id="/data/group_one_start/group_two_start/BE1/02:label">
            <value>Décédé</value>
          </text>
          <text id="/data/group_one_start/group_two_start/BE1/01:label">
            <value>Activement</value>
          </text>
          <text id="/data/group_one_start/group_two_start/BE2:label">
            <value>Confirmé le</value>
          </text>
          <text id="/data/group_one_start/group_two_start/BE1:label">
            <value>État actuel</value>
          </text>
          <text id="/data/group_one_start/group_two_start/BE1/05:label">
            <value>Temporairement retiré</value>
          </text>
          <text id="/data/group_one_start/group_two_start/BE3:label">
            <value>Vérifié par</value>
          </text>
          <text id="/data/group_one_start/group_two_start/BE1/04:label">
            <value>Définitivement supprimé</value>
          </text>
          <text id="/data/group_one_start/group_two_start/BE1/03:label">
            <value>Ignoré</value>
          </text>
          <text id="/data/group_one_start/group_two_start/BE1/00:label">
            <value>Non défini</value>
          </text>
        </translation>
        <translation lang="sw">
          <text id="/data/group_one_start/group_two_start/BE1/02:label">
            <value>Marehemu</value>
          </text>
          <text id="/data/group_one_start/group_two_start/BE1/01:label">
            <value>Inatumika</value>
          </text>
          <text id="/data/group_one_start/group_two_start/BE2:label">
            <value>Imethibitishwa</value>
          </text>
          <text id="/data/group_one_start/group_two_start/BE1:label">
            <value>Hali ya Mtu</value>
          </text>
          <text id="/data/group_one_start/group_two_start/BE1/05:label">
            <value>Imeondolewa kwa muda</value>
          </text>
          <text id="/data/group_one_start/group_two_start/BE3:label">
            <value>Imethibitishwa na</value>
          </text>
          <text id="/data/group_one_start/group_two_start/BE1/04:label">
            <value>Imeondolewa kabisa</value>
          </text>
          <text id="/data/group_one_start/group_two_start/BE1/03:label">
            <value>Imepuuzwa</value>
          </text>
          <text id="/data/group_one_start/group_two_start/BE1/00:label">
            <value>Haijafafanuliwa</value>
          </text>
        </translation>
      </itext>
      <instance>
        <data id="eligibility_info">
          <group_one_start>
            <group_two_start>
              <BE1/>
              <BE2/>
              <BE3/>
            </group_two_start>
          </group_one_start>
          <meta>
            <instanceID/>
            <instanceName/>
          </meta>
        </data>
      </instance>
      <bind nodeset="/data/group_one_start/group_two_start/BE1" readonly="true()" type="string"/>
      <bind nodeset="/data/group_one_start/group_two_start/BE2" readonly="true()" type="string"/>
      <bind nodeset="/data/group_one_start/group_two_start/BE3" readonly="true()" type="string"/>
      <bind jr:preload="uid" nodeset="/data/meta/instanceID" readonly="true()" type="string"/>
      <bind calculate="eligibility" nodeset="/data/meta/instanceName" type="string"/>
    </model>
  </h:head>
  <h:body>
    <group appearance="field-list" ref="/data/group_one_start">
      <group appearance="field-list" ref="/data/group_one_start/group_two_start">
        <select1 appearance="minimal" ref="/data/group_one_start/group_two_start/BE1">
          <label ref="jr:itext('/data/group_one_start/group_two_start/BE1:label')"/>
          <item>
            <label ref="jr:itext('/data/group_one_start/group_two_start/BE1/00:label')"/>
            <value>00</value>
          </item>
          <item>
            <label ref="jr:itext('/data/group_one_start/group_two_start/BE1/01:label')"/>
            <value>01</value>
          </item>
          <item>
            <label ref="jr:itext('/data/group_one_start/group_two_start/BE1/02:label')"/>
            <value>02</value>
          </item>
          <item>
            <label ref="jr:itext('/data/group_one_start/group_two_start/BE1/03:label')"/>
            <value>03</value>
          </item>
          <item>
            <label ref="jr:itext('/data/group_one_start/group_two_start/BE1/04:label')"/>
            <value>04</value>
          </item>
          <item>
            <label ref="jr:itext('/data/group_one_start/group_two_start/BE1/05:label')"/>
            <value>05</value>
          </item>
        </select1>
        <input ref="/data/group_one_start/group_two_start/BE2">
          <label ref="jr:itext('/data/group_one_start/group_two_start/BE2:label')"/>
        </input>
        <input ref="/data/group_one_start/group_two_start/BE3">
          <label ref="jr:itext('/data/group_one_start/group_two_start/BE3:label')"/>
        </input>
      </group>
    </group>
  </h:body>
</h:html>
