<?xml version="1.0"?>
<h:html xmlns="http://www.w3.org/2002/xforms" xmlns:ev="http://www.w3.org/2001/xml-events" xmlns:h="http://www.w3.org/1999/xhtml" xmlns:jr="http://openrosa.org/javarosa" xmlns:odk="http://www.opendatakit.org/xforms" xmlns:orx="http://openrosa.org/xforms" xmlns:xsd="http://www.w3.org/2001/XMLSchema">
  <h:head>
    <h:title>transaction_info</h:title>
    <model odk:xforms-version="1.0.0">
      <itext>
        <translation default="true()" lang="default">
          <text id="/data/group_one_start/group_two_start/BL1:label">
            <value>Last transaction Date</value>
          </text>
          <text id="/data/group_one_start/group_two_start/BL4b:label">
            <value>Last transaction Officer Name</value>
          </text>
          <text id="/data/group_one_start/group_two_start/BL3:label">
            <value>Last transaction Station ID</value>
          </text>
          <text id="/data/group_one_start/group_two_start/BL4a:label">
            <value>Last transaction Officer ID</value>
          </text>
          <text id="/data/group_one_start/group_two_start/BL2:label">
            <value>Last transaction Center</value>
          </text>
        </translation>
        <translation lang="fr">
          <text id="/data/group_one_start/group_two_start/BL1:label">
            <value>Date de la dernière transaction</value>
          </text>
          <text id="/data/group_one_start/group_two_start/BL4b:label">
            <value>Nom du superviseur de la dernière transaction</value>
          </text>
          <text id="/data/group_one_start/group_two_start/BL3:label">
            <value>ID de la dernière transaction</value>
          </text>
          <text id="/data/group_one_start/group_two_start/BL4a:label">
            <value>ID du superviseur de la dernière transaction</value>
          </text>
          <text id="/data/group_one_start/group_two_start/BL2:label">
            <value>Dernier centre de transaction</value>
          </text>
        </translation>
        <translation lang="sw">
          <text id="/data/group_one_start/group_two_start/BL1:label">
            <value>Tarehe ya mwisho ya manunuzi</value>
          </text>
          <text id="/data/group_one_start/group_two_start/BL4b:label">
            <value>Jina la mwisho la Afisa shughuli</value>
          </text>
          <text id="/data/group_one_start/group_two_start/BL3:label">
            <value>Kitambulisho cha Mwisho cha Stesheni</value>
          </text>
          <text id="/data/group_one_start/group_two_start/BL4a:label">
            <value>Kitambulisho cha Afisa shughuli ya mwisho</value>
          </text>
          <text id="/data/group_one_start/group_two_start/BL2:label">
            <value>Kituo cha manunuzi cha mwisho</value>
          </text>
        </translation>
      </itext>
      <instance>
        <data id="transaction_info">
          <group_one_start>
            <group_two_start>
              <BL1/>
              <BL2/>
              <BL3/>
              <BL4a/>
              <BL4b/>
            </group_two_start>
          </group_one_start>
          <meta>
            <instanceID/>
            <instanceName/>
          </meta>
        </data>
      </instance>
      <bind nodeset="/data/group_one_start/group_two_start/BL1" readonly="true()" type="string"/>
      <bind nodeset="/data/group_one_start/group_two_start/BL2" readonly="true()" type="string"/>
      <bind nodeset="/data/group_one_start/group_two_start/BL3" readonly="true()" type="string"/>
      <bind nodeset="/data/group_one_start/group_two_start/BL4a" readonly="true()" type="string"/>
      <bind nodeset="/data/group_one_start/group_two_start/BL4b" readonly="true()" type="string"/>
      <bind jr:preload="uid" nodeset="/data/meta/instanceID" readonly="true()" type="string"/>
      <bind calculate="transaction" nodeset="/data/meta/instanceName" type="string"/>
    </model>
  </h:head>
  <h:body>
    <group appearance="field-list" ref="/data/group_one_start">
      <group appearance="field-list" ref="/data/group_one_start/group_two_start">
        <input ref="/data/group_one_start/group_two_start/BL1">
          <label ref="jr:itext('/data/group_one_start/group_two_start/BL1:label')"/>
        </input>
        <input ref="/data/group_one_start/group_two_start/BL2">
          <label ref="jr:itext('/data/group_one_start/group_two_start/BL2:label')"/>
        </input>
        <input ref="/data/group_one_start/group_two_start/BL3">
          <label ref="jr:itext('/data/group_one_start/group_two_start/BL3:label')"/>
        </input>
        <input ref="/data/group_one_start/group_two_start/BL4a">
          <label ref="jr:itext('/data/group_one_start/group_two_start/BL4a:label')"/>
        </input>
        <input ref="/data/group_one_start/group_two_start/BL4b">
          <label ref="jr:itext('/data/group_one_start/group_two_start/BL4b:label')"/>
        </input>
      </group>
    </group>
  </h:body>
</h:html>
