<?xml version="1.0"?>
<h:html xmlns="http://www.w3.org/2002/xforms" xmlns:ev="http://www.w3.org/2001/xml-events" xmlns:h="http://www.w3.org/1999/xhtml" xmlns:jr="http://openrosa.org/javarosa" xmlns:odk="http://www.opendatakit.org/xforms" xmlns:orx="http://openrosa.org/xforms" xmlns:xsd="http://www.w3.org/2001/XMLSchema">
  <h:head>
    <h:title>member_registration_info</h:title>
    <model odk:xforms-version="1.0.0">
      <itext>
        <translation default="true()" lang="default">
          <text id="/data/group_one_start/group_five_start/BADRCC2:label">
            <value>Residence address</value>
          </text>
          <text id="/data/group_one_start/group_two_start/DATE_OF_BIRTH:label">
            <value>Date of Birth</value>
          </text>
          <text id="/data/group_one_start/group_three_start/MOTHERSNAME:label">
            <value>Mother's last name</value>
          </text>
          <text id="/data/group_one_start/group_five_start/BADRADR2:label">
            <value>Residence region</value>
          </text>
          <text id="/data/group_one_start/group_three_start/DISABILITY/04:label">
            <value>Reduced motor skills upper limbs</value>
          </text>
          <text id="/data/group_one_start/group_two_start/CLIENT_STATUS:label">
            <value>Client Status</value>
          </text>
          <text id="/data/group_one_start/group_two_start/FIRSTNAMES:label">
            <value>First Name</value>
          </text>
          <text id="/data/group_one_start/group_three_start/TUTORSNAME:label">
            <value>Tutor's last name</value>
          </text>
          <text id="/data/group_one_start/group_three_start/DISABILITY/05:label">
            <value>Psychic</value>
          </text>
          <text id="/data/group_one_start/group_two_start/GENDER/00:label">
            <value>Unknown</value>
          </text>
          <text id="/data/group_one_start/group_two_start/COUNTRYOFBIRTH:label">
            <value>Country of Birth</value>
          </text>
          <text id="/data/group_one_start/group_three_start/FATHERSNAME:label">
            <value>Father's last name</value>
          </text>
          <text id="/data/group_one_start/group_three_start/TUTORSNAME_BIRTHPLACE:label">
            <value>Birth Place of the Tutor</value>
          </text>
          <text id="/data/group_one_start/group_two_start/GENDER/01:label">
            <value>Male</value>
          </text>
          <text id="/data/group_one_start/group_five_start/BADRDET2:label">
            <value>Residence department</value>
          </text>
          <text id="/data/group_one_start/group_four_start/BCT2:label">
            <value>Phone No 1</value>
          </text>
          <text id="/data/group_one_start/group_two_start/CLIENT_STATUS/01:label">
            <value>Religious and French Cooperative</value>
          </text>
          <text id="/data/group_one_start/group_three_start/MOTHERSNAME_BIRTHDATE:label">
            <value>Birth Date of the Mother</value>
          </text>
          <text id="/data/group_one_start/group_three_start/DISABILITY/03:label">
            <value>Reduced motor skills lower limbs</value>
          </text>
          <text id="/data/group_one_start/group_three_start/DISABILITY/07:label">
            <value>Blind</value>
          </text>
          <text id="/data/group_one_start/group_two_start/CLIENT_STATUS/00:label">
            <value>Unknown</value>
          </text>
          <text id="/data/group_one_start/group_three_start/FATHERSNAME_BIRTHDATE:label">
            <value>Birth Date of the Father</value>
          </text>
          <text id="/data/group_one_start/group_three_start/MOTHERSNAME_BIRTHPLACE:label">
            <value>Birth Place of the Mother</value>
          </text>
          <text id="/data/group_one_start/group_two_start/SPOUSENAME:label">
            <value>Spouse Name</value>
          </text>
          <text id="/data/group_one_start/group_two_start/MARITAL_STATUS:label">
            <value>Marital Status</value>
          </text>
          <text id="/data/group_one_start/group_two_start/GENDER/02:label">
            <value>Female</value>
          </text>
          <text id="/data/group_one_start/group_two_start/OCCUPATION:label">
            <value>Profession</value>
          </text>
          <text id="/data/group_one_start/group_five_start/BADRADR4:label">
            <value>Postal address locality</value>
          </text>
          <text id="/data/group_one_start/group_five_start/BADRPC2:label">
            <value>Residence locality</value>
          </text>
          <text id="/data/group_one_start/group_two_start/MARITAL_STATUS/02:label">
            <value>Married</value>
          </text>
          <text id="/data/group_one_start/group_two_start/MARITAL_STATUS/04:label">
            <value>Separated</value>
          </text>
          <text id="/data/group_one_start/group_two_start/MARITAL_STATUS/03:label">
            <value>Divorced</value>
          </text>
          <text id="/data/group_one_start/group_three_start/TUTORSNAME_FIRST:label">
            <value>Tutor's first name</value>
          </text>
          <text id="/data/group_one_start/group_two_start/SURNAME:label">
            <value>Surname</value>
          </text>
          <text id="/data/group_one_start/group_five_start/BADRPC4:label">
            <value>Postal address code</value>
          </text>
          <text id="/data/group_one_start/group_four_start/BCT1:label">
            <value>E-mail Address</value>
          </text>
          <text id="/data/group_one_start/group_three_start/DISABILITY:label">
            <value>Disability</value>
          </text>
          <text id="/data/group_one_start/group_two_start/GENDER:label">
            <value>Sex</value>
          </text>
          <text id="/data/group_one_start/group_two_start/CLIENT_STATUS/03:label">
            <value>French</value>
          </text>
          <text id="/data/group_one_start/group_two_start/MARITAL_STATUS/05:label">
            <value>Widowed</value>
          </text>
          <text id="/data/group_one_start/group_two_start/NATIONALITY:label">
            <value>Nationality</value>
          </text>
          <text id="/data/group_one_start/group_two_start/PLACE_OF_BIRTH:label">
            <value>Place of Birth</value>
          </text>
          <text id="/data/group_one_start/group_three_start/FATHERSNAME_BIRTHPLACE:label">
            <value>Birth Place of the Father</value>
          </text>
          <text id="/data/group_one_start/group_two_start/CLIENT_STATUS/99:label">
            <value>Other</value>
          </text>
          <text id="/data/group_one_start/group_three_start/DISABILITY/00:label">
            <value>Unknown</value>
          </text>
          <text id="/data/group_one_start/group_two_start/CLIENT_STATUS/02:label">
            <value>Non-Ecowas National</value>
          </text>
          <text id="/data/group_one_start/group_three_start/DISABILITY/02:label">
            <value>Albino</value>
          </text>
          <text id="/data/group_one_start/group_two_start/MARITAL_STATUS/00:label">
            <value>Unknown</value>
          </text>
          <text id="/data/group_one_start/group_three_start/DISABILITY/06:label">
            <value>Deafness</value>
          </text>
          <text id="/data/group_one_start/group_five_start/BADRDET4:label">
            <value>Postal address box</value>
          </text>
          <text id="/data/group_one_start/group_three_start/DISABILITY/01:label">
            <value>No fingerprints</value>
          </text>
          <text id="/data/group_one_start/group_two_start/HEIGHT:label">
            <value>Height (cm)</value>
          </text>
          <text id="/data/group_one_start/group_two_start/MARITAL_STATUS/06:label">
            <value>Religiously Married</value>
          </text>
          <text id="/data/group_one_start/group_three_start/FATHERSNAME_FIRST:label">
            <value>Father's first name</value>
          </text>
          <text id="/data/group_one_start/group_three_start/TUTORSNAME_BIRTHDATE:label">
            <value>Birth Date of the Tutor</value>
          </text>
          <text id="/data/group_one_start/group_three_start/DISABILITY/99:label">
            <value>Other</value>
          </text>
          <text id="/data/group_one_start/group_two_start/MARITAL_STATUS/07:label">
            <value>Married according to custom</value>
          </text>
          <text id="/data/group_one_start/group_two_start/MARITAL_STATUS/99:label">
            <value>Other</value>
          </text>
          <text id="/data/group_one_start/group_two_start/MARITAL_STATUS/01:label">
            <value>Single</value>
          </text>
          <text id="/data/group_one_start/group_three_start/MOTHERSNAME_FIRST:label">
            <value>Mother's first name</value>
          </text>
        </translation>
        <translation lang="fr">
          <text id="/data/group_one_start/group_five_start/BADRCC2:label">
            <value>Adresse de résidence</value>
          </text>
          <text id="/data/group_one_start/group_two_start/DATE_OF_BIRTH:label">
            <value>Date de naissance</value>
          </text>
          <text id="/data/group_one_start/group_three_start/MOTHERSNAME:label">
            <value>Nom de famille de la mère</value>
          </text>
          <text id="/data/group_one_start/group_five_start/BADRADR2:label">
            <value>Région de résidence</value>
          </text>
          <text id="/data/group_one_start/group_three_start/DISABILITY/04:label">
            <value>Motricité réduite des membres supérieurs</value>
          </text>
          <text id="/data/group_one_start/group_two_start/CLIENT_STATUS:label">
            <value>Statut du client</value>
          </text>
          <text id="/data/group_one_start/group_two_start/FIRSTNAMES:label">
            <value>Prénom</value>
          </text>
          <text id="/data/group_one_start/group_three_start/TUTORSNAME:label">
            <value>Nom de famille du tuteur</value>
          </text>
          <text id="/data/group_one_start/group_three_start/DISABILITY/05:label">
            <value>Psychique</value>
          </text>
          <text id="/data/group_one_start/group_two_start/GENDER/00:label">
            <value>Inconnu</value>
          </text>
          <text id="/data/group_one_start/group_two_start/COUNTRYOFBIRTH:label">
            <value>Lieu de naissance</value>
          </text>
          <text id="/data/group_one_start/group_three_start/FATHERSNAME:label">
            <value>Nom de famille du père</value>
          </text>
          <text id="/data/group_one_start/group_three_start/TUTORSNAME_BIRTHPLACE:label">
            <value>Lieu de naissance du tuteur</value>
          </text>
          <text id="/data/group_one_start/group_two_start/GENDER/01:label">
            <value>Mâle</value>
          </text>
          <text id="/data/group_one_start/group_five_start/BADRDET2:label">
            <value>Département de résidence</value>
          </text>
          <text id="/data/group_one_start/group_four_start/BCT2:label">
            <value>Téléphone Non 1</value>
          </text>
          <text id="/data/group_one_start/group_two_start/CLIENT_STATUS/01:label">
            <value>Religieuse et coopérant français</value>
          </text>
          <text id="/data/group_one_start/group_three_start/MOTHERSNAME_BIRTHDATE:label">
            <value>Date de naissance de la mère</value>
          </text>
          <text id="/data/group_one_start/group_three_start/DISABILITY/03:label">
            <value>Motricité réduite des membres inférieurs</value>
          </text>
          <text id="/data/group_one_start/group_three_start/DISABILITY/07:label">
            <value>Aveugle</value>
          </text>
          <text id="/data/group_one_start/group_two_start/CLIENT_STATUS/00:label">
            <value>Inconnu</value>
          </text>
          <text id="/data/group_one_start/group_three_start/FATHERSNAME_BIRTHDATE:label">
            <value>Date de naissance du père</value>
          </text>
          <text id="/data/group_one_start/group_three_start/MOTHERSNAME_BIRTHPLACE:label">
            <value>Lieu de naissance de la mère</value>
          </text>
          <text id="/data/group_one_start/group_two_start/SPOUSENAME:label">
            <value>Nom de l'épouse</value>
          </text>
          <text id="/data/group_one_start/group_two_start/MARITAL_STATUS:label">
            <value>Situation matrimoniale</value>
          </text>
          <text id="/data/group_one_start/group_two_start/GENDER/02:label">
            <value>Femelle</value>
          </text>
          <text id="/data/group_one_start/group_two_start/OCCUPATION:label">
            <value>Profession</value>
          </text>
          <text id="/data/group_one_start/group_five_start/BADRADR4:label">
            <value>Localité de l'adresse postale</value>
          </text>
          <text id="/data/group_one_start/group_five_start/BADRPC2:label">
            <value>Localité de résidence</value>
          </text>
          <text id="/data/group_one_start/group_two_start/MARITAL_STATUS/02:label">
            <value>Marrié</value>
          </text>
          <text id="/data/group_one_start/group_two_start/MARITAL_STATUS/04:label">
            <value>Séparé</value>
          </text>
          <text id="/data/group_one_start/group_two_start/MARITAL_STATUS/03:label">
            <value>Divorcé</value>
          </text>
          <text id="/data/group_one_start/group_three_start/TUTORSNAME_FIRST:label">
            <value>Prénom du Tuteur</value>
          </text>
          <text id="/data/group_one_start/group_two_start/SURNAME:label">
            <value>Nom de famille</value>
          </text>
          <text id="/data/group_one_start/group_five_start/BADRPC4:label">
            <value>Code postal de résidence</value>
          </text>
          <text id="/data/group_one_start/group_four_start/BCT1:label">
            <value>Adresse e-mail</value>
          </text>
          <text id="/data/group_one_start/group_three_start/DISABILITY:label">
            <value>Invalidité</value>
          </text>
          <text id="/data/group_one_start/group_two_start/GENDER:label">
            <value>Sexe</value>
          </text>
          <text id="/data/group_one_start/group_two_start/CLIENT_STATUS/03:label">
            <value>Français</value>
          </text>
          <text id="/data/group_one_start/group_two_start/MARITAL_STATUS/05:label">
            <value>Veuf</value>
          </text>
          <text id="/data/group_one_start/group_two_start/NATIONALITY:label">
            <value>Nom du pays</value>
          </text>
          <text id="/data/group_one_start/group_two_start/PLACE_OF_BIRTH:label">
            <value>Lieu de naissance</value>
          </text>
          <text id="/data/group_one_start/group_three_start/FATHERSNAME_BIRTHPLACE:label">
            <value>Lieu de naissance du père</value>
          </text>
          <text id="/data/group_one_start/group_two_start/CLIENT_STATUS/99:label">
            <value>Autre</value>
          </text>
          <text id="/data/group_one_start/group_three_start/DISABILITY/00:label">
            <value>Inconnu</value>
          </text>
          <text id="/data/group_one_start/group_two_start/CLIENT_STATUS/02:label">
            <value>Nationalité hors-CEDEAO</value>
          </text>
          <text id="/data/group_one_start/group_three_start/DISABILITY/02:label">
            <value>Albinos</value>
          </text>
          <text id="/data/group_one_start/group_two_start/MARITAL_STATUS/00:label">
            <value>Inconnu</value>
          </text>
          <text id="/data/group_one_start/group_three_start/DISABILITY/06:label">
            <value>Surdité</value>
          </text>
          <text id="/data/group_one_start/group_five_start/BADRDET4:label">
            <value>Boîte postale de résidence</value>
          </text>
          <text id="/data/group_one_start/group_three_start/DISABILITY/01:label">
            <value>Pas d'empreinte digitale</value>
          </text>
          <text id="/data/group_one_start/group_two_start/HEIGHT:label">
            <value>Taille (cm)</value>
          </text>
          <text id="/data/group_one_start/group_two_start/MARITAL_STATUS/06:label">
            <value>Marié religieusement</value>
          </text>
          <text id="/data/group_one_start/group_three_start/FATHERSNAME_FIRST:label">
            <value>Prénom du père</value>
          </text>
          <text id="/data/group_one_start/group_three_start/TUTORSNAME_BIRTHDATE:label">
            <value>Date de naissance du tuteur</value>
          </text>
          <text id="/data/group_one_start/group_three_start/DISABILITY/99:label">
            <value>Autre</value>
          </text>
          <text id="/data/group_one_start/group_two_start/MARITAL_STATUS/07:label">
            <value>Marié selon la coûtume</value>
          </text>
          <text id="/data/group_one_start/group_two_start/MARITAL_STATUS/99:label">
            <value>Autre</value>
          </text>
          <text id="/data/group_one_start/group_two_start/MARITAL_STATUS/01:label">
            <value>Celibataire</value>
          </text>
          <text id="/data/group_one_start/group_three_start/MOTHERSNAME_FIRST:label">
            <value>Prénom de la mère</value>
          </text>
        </translation>
        <translation lang="sw">
          <text id="/data/group_one_start/group_five_start/BADRCC2:label">
            <value>Anwani ya Makazi</value>
          </text>
          <text id="/data/group_one_start/group_two_start/DATE_OF_BIRTH:label">
            <value>Tarehe ya kuzaliwa</value>
          </text>
          <text id="/data/group_one_start/group_three_start/MOTHERSNAME:label">
            <value>Jina la mwisho la mama</value>
          </text>
          <text id="/data/group_one_start/group_five_start/BADRADR2:label">
            <value>Residence region</value>
          </text>
          <text id="/data/group_one_start/group_three_start/DISABILITY/04:label">
            <value>-</value>
          </text>
          <text id="/data/group_one_start/group_two_start/CLIENT_STATUS:label">
            <value>Client Status</value>
          </text>
          <text id="/data/group_one_start/group_two_start/FIRSTNAMES:label">
            <value>Jina la kwanza</value>
          </text>
          <text id="/data/group_one_start/group_three_start/TUTORSNAME:label">
            <value>Tutor's last name</value>
          </text>
          <text id="/data/group_one_start/group_three_start/DISABILITY/05:label">
            <value>-</value>
          </text>
          <text id="/data/group_one_start/group_two_start/GENDER/00:label">
            <value>Haijulikani</value>
          </text>
          <text id="/data/group_one_start/group_two_start/COUNTRYOFBIRTH:label">
            <value>Nchi ya kuzaliwa</value>
          </text>
          <text id="/data/group_one_start/group_two_start/MARITAL_STATUS/06:label">
            <value>-</value>
          </text>
          <text id="/data/group_one_start/group_three_start/TUTORSNAME_BIRTHPLACE:label">
            <value>Birth Place of the Tutor</value>
          </text>
          <text id="/data/group_one_start/group_two_start/GENDER/01:label">
            <value>Mwanaume</value>
          </text>
          <text id="/data/group_one_start/group_five_start/BADRDET2:label">
            <value>Residence department</value>
          </text>
          <text id="/data/group_one_start/group_four_start/BCT2:label">
            <value>Nambari ya simu 1</value>
          </text>
          <text id="/data/group_one_start/group_two_start/CLIENT_STATUS/01:label">
            <value>Religious and French Cooperative</value>
          </text>
          <text id="/data/group_one_start/group_three_start/MOTHERSNAME_BIRTHDATE:label">
            <value>Tarehe ya Kuzaliwa kwa Mama</value>
          </text>
          <text id="/data/group_one_start/group_three_start/DISABILITY/03:label">
            <value>-</value>
          </text>
          <text id="/data/group_one_start/group_three_start/DISABILITY/07:label">
            <value>-</value>
          </text>
          <text id="/data/group_one_start/group_two_start/CLIENT_STATUS/00:label">
            <value>Haijulikani</value>
          </text>
          <text id="/data/group_one_start/group_three_start/FATHERSNAME_BIRTHDATE:label">
            <value>Tarehe ya Kuzaliwa kwa Baba</value>
          </text>
          <text id="/data/group_one_start/group_three_start/MOTHERSNAME_BIRTHPLACE:label">
            <value>Mahali pa kuzaliwa kwa Mama</value>
          </text>
          <text id="/data/group_one_start/group_two_start/SPOUSENAME:label">
            <value>Spouse Name</value>
          </text>
          <text id="/data/group_one_start/group_two_start/MARITAL_STATUS:label">
            <value>Hali ya ndoa</value>
          </text>
          <text id="/data/group_one_start/group_two_start/GENDER/02:label">
            <value>Mwanamke</value>
          </text>
          <text id="/data/group_one_start/group_two_start/OCCUPATION:label">
            <value>Taaluma</value>
          </text>
          <text id="/data/group_one_start/group_five_start/BADRADR4:label">
            <value>Postal address locality</value>
          </text>
          <text id="/data/group_one_start/group_five_start/BADRPC2:label">
            <value>Residence locality</value>
          </text>
          <text id="/data/group_one_start/group_two_start/MARITAL_STATUS/02:label">
            <value>Kuolewa</value>
          </text>
          <text id="/data/group_one_start/group_two_start/MARITAL_STATUS/04:label">
            <value>Kinachotenganishwa</value>
          </text>
          <text id="/data/group_one_start/group_two_start/MARITAL_STATUS/03:label">
            <value>Talaka</value>
          </text>
          <text id="/data/group_one_start/group_three_start/TUTORSNAME_FIRST:label">
            <value>Tutor's first name</value>
          </text>
          <text id="/data/group_one_start/group_two_start/SURNAME:label">
            <value>Jina la ukoo</value>
          </text>
          <text id="/data/group_one_start/group_five_start/BADRPC4:label">
            <value>Msimbo wa anwani ya posta</value>
          </text>
          <text id="/data/group_one_start/group_four_start/BCT1:label">
            <value>Barua Pepe</value>
          </text>
          <text id="/data/group_one_start/group_three_start/DISABILITY:label">
            <value>Ulemavu</value>
          </text>
          <text id="/data/group_one_start/group_two_start/GENDER:label">
            <value>Ngono</value>
          </text>
          <text id="/data/group_one_start/group_two_start/CLIENT_STATUS/03:label">
            <value>French</value>
          </text>
          <text id="/data/group_one_start/group_two_start/MARITAL_STATUS/05:label">
            <value>Mjane</value>
          </text>
          <text id="/data/group_one_start/group_two_start/NATIONALITY:label">
            <value>Jina la nchi</value>
          </text>
          <text id="/data/group_one_start/group_two_start/PLACE_OF_BIRTH:label">
            <value>Mahali pa Kuzaliwa</value>
          </text>
          <text id="/data/group_one_start/group_three_start/FATHERSNAME_BIRTHPLACE:label">
            <value>Mahali pa kuzaliwa kwa baba</value>
          </text>
          <text id="/data/group_one_start/group_two_start/CLIENT_STATUS/99:label">
            <value>Nyingine</value>
          </text>
          <text id="/data/group_one_start/group_three_start/DISABILITY/00:label">
            <value>Haijulikani</value>
          </text>
          <text id="/data/group_one_start/group_two_start/CLIENT_STATUS/02:label">
            <value>-</value>
          </text>
          <text id="/data/group_one_start/group_three_start/DISABILITY/02:label">
            <value>-</value>
          </text>
          <text id="/data/group_one_start/group_two_start/MARITAL_STATUS/00:label">
            <value>Haijulikani</value>
          </text>
          <text id="/data/group_one_start/group_three_start/DISABILITY/06:label">
            <value>-</value>
          </text>
          <text id="/data/group_one_start/group_five_start/BADRDET4:label">
            <value>Sanduku la anwani ya posta</value>
          </text>
          <text id="/data/group_one_start/group_three_start/DISABILITY/01:label">
            <value>-</value>
          </text>
          <text id="/data/group_one_start/group_two_start/HEIGHT:label">
            <value>Urefu (cm)</value>
          </text>
          <text id="/data/group_one_start/group_three_start/FATHERSNAME:label">
            <value>Jina la mwisho la baba</value>
          </text>
          <text id="/data/group_one_start/group_three_start/FATHERSNAME_FIRST:label">
            <value>Jina la kwanza la Baba</value>
          </text>
          <text id="/data/group_one_start/group_three_start/TUTORSNAME_BIRTHDATE:label">
            <value>Birth Date of the Tutor</value>
          </text>
          <text id="/data/group_one_start/group_three_start/DISABILITY/99:label">
            <value>Nyingine</value>
          </text>
          <text id="/data/group_one_start/group_two_start/MARITAL_STATUS/07:label">
            <value>-</value>
          </text>
          <text id="/data/group_one_start/group_two_start/MARITAL_STATUS/99:label">
            <value>Nyingine</value>
          </text>
          <text id="/data/group_one_start/group_two_start/MARITAL_STATUS/01:label">
            <value>Mseja</value>
          </text>
          <text id="/data/group_one_start/group_three_start/MOTHERSNAME_FIRST:label">
            <value>Mother's first name</value>
          </text>
        </translation>
      </itext>
      <instance>
        <data id="member_registration_info">
          <group_one_start>
            <group_two_start>
              <SURNAME/>
              <FIRSTNAMES/>
              <GENDER/>
              <DATE_OF_BIRTH/>
              <CLIENT_STATUS/>
              <NATIONALITY/>
              <COUNTRYOFBIRTH/>
              <PLACE_OF_BIRTH/>
              <HEIGHT/>
              <OCCUPATION/>
              <MARITAL_STATUS/>
              <SPOUSENAME/>
            </group_two_start>
            <group_three_start>
              <FATHERSNAME_FIRST/>
              <FATHERSNAME/>
              <FATHERSNAME_BIRTHDATE/>
              <FATHERSNAME_BIRTHPLACE/>
              <MOTHERSNAME_FIRST/>
              <MOTHERSNAME/>
              <MOTHERSNAME_BIRTHDATE/>
              <MOTHERSNAME_BIRTHPLACE/>
              <TUTORSNAME_FIRST/>
              <TUTORSNAME/>
              <TUTORSNAME_BIRTHDATE/>
              <TUTORSNAME_BIRTHPLACE/>
              <DISABILITY/>
            </group_three_start>
            <group_four_start>
              <BCT1/>
              <BCT2/>
            </group_four_start>
            <group_five_start>
              <BADRPC2/>
              <BADRCC2/>
              <BADRADR2/>
              <BADRDET2/>
              <BADRPC4/>
              <BADRADR4/>
              <BADRDET4/>
            </group_five_start>
          </group_one_start>
          <meta>
            <instanceID/>
            <instanceName/>
          </meta>
        </data>
      </instance>
      <bind nodeset="/data/group_one_start/group_two_start/SURNAME" readonly="true()" type="string"/>
      <bind nodeset="/data/group_one_start/group_two_start/FIRSTNAMES" readonly="true()" type="string"/>
      <bind nodeset="/data/group_one_start/group_two_start/GENDER" readonly="true()" type="string"/>
      <bind nodeset="/data/group_one_start/group_two_start/DATE_OF_BIRTH" readonly="true()" type="date"/>
      <bind nodeset="/data/group_one_start/group_two_start/CLIENT_STATUS" readonly="true()" type="string"/>
      <bind nodeset="/data/group_one_start/group_two_start/NATIONALITY" readonly="true()" type="string"/>
      <bind nodeset="/data/group_one_start/group_two_start/COUNTRYOFBIRTH" readonly="true()" type="string"/>
      <bind nodeset="/data/group_one_start/group_two_start/PLACE_OF_BIRTH" readonly="true()" type="string"/>
      <bind nodeset="/data/group_one_start/group_two_start/HEIGHT" readonly="true()" type="string"/>
      <bind nodeset="/data/group_one_start/group_two_start/OCCUPATION" readonly="true()" type="string"/>
      <bind nodeset="/data/group_one_start/group_two_start/MARITAL_STATUS" readonly="true()" type="string"/>
      <bind nodeset="/data/group_one_start/group_two_start/SPOUSENAME" readonly="true()" type="string"/>
      <bind nodeset="/data/group_one_start/group_three_start/FATHERSNAME_FIRST" readonly="true()" type="string"/>
      <bind nodeset="/data/group_one_start/group_three_start/FATHERSNAME" readonly="true()" type="string"/>
      <bind nodeset="/data/group_one_start/group_three_start/FATHERSNAME_BIRTHDATE" readonly="true()" type="string"/>
      <bind nodeset="/data/group_one_start/group_three_start/FATHERSNAME_BIRTHPLACE" readonly="true()" type="string"/>
      <bind nodeset="/data/group_one_start/group_three_start/MOTHERSNAME_FIRST" readonly="true()" type="string"/>
      <bind nodeset="/data/group_one_start/group_three_start/MOTHERSNAME" readonly="true()" type="string"/>
      <bind nodeset="/data/group_one_start/group_three_start/MOTHERSNAME_BIRTHDATE" readonly="true()" type="string"/>
      <bind nodeset="/data/group_one_start/group_three_start/MOTHERSNAME_BIRTHPLACE" readonly="true()" type="string"/>
      <bind nodeset="/data/group_one_start/group_three_start/TUTORSNAME_FIRST" readonly="true()" type="string"/>
      <bind nodeset="/data/group_one_start/group_three_start/TUTORSNAME" readonly="true()" type="string"/>
      <bind nodeset="/data/group_one_start/group_three_start/TUTORSNAME_BIRTHDATE" readonly="true()" type="string"/>
      <bind nodeset="/data/group_one_start/group_three_start/TUTORSNAME_BIRTHPLACE" readonly="true()" type="string"/>
      <bind nodeset="/data/group_one_start/group_three_start/DISABILITY" readonly="true()" type="string"/>
      <bind nodeset="/data/group_one_start/group_four_start/BCT1" readonly="true()" type="string"/>
      <bind nodeset="/data/group_one_start/group_four_start/BCT2" readonly="true()" type="string"/>
      <bind nodeset="/data/group_one_start/group_five_start/BADRPC2" readonly="true()" type="string"/>
      <bind nodeset="/data/group_one_start/group_five_start/BADRCC2" readonly="true()" type="string"/>
      <bind nodeset="/data/group_one_start/group_five_start/BADRADR2" readonly="true()" type="string"/>
      <bind nodeset="/data/group_one_start/group_five_start/BADRDET2" readonly="true()" type="string"/>
      <bind nodeset="/data/group_one_start/group_five_start/BADRPC4" readonly="true()" type="string"/>
      <bind nodeset="/data/group_one_start/group_five_start/BADRADR4" readonly="true()" type="string"/>
      <bind nodeset="/data/group_one_start/group_five_start/BADRDET4" readonly="true()" type="string"/>
      <bind jr:preload="uid" nodeset="/data/meta/instanceID" readonly="true()" type="string"/>
      <bind calculate="member_info" nodeset="/data/meta/instanceName" type="string"/>
    </model>
  </h:head>
  <h:body>
    <group appearance="field-list" ref="/data/group_one_start">
      <group appearance="field-list" ref="/data/group_one_start/group_two_start">
        <input ref="/data/group_one_start/group_two_start/SURNAME">
          <label ref="jr:itext('/data/group_one_start/group_two_start/SURNAME:label')"/>
        </input>
        <input ref="/data/group_one_start/group_two_start/FIRSTNAMES">
          <label ref="jr:itext('/data/group_one_start/group_two_start/FIRSTNAMES:label')"/>
        </input>
        <select1 appearance="minimal" ref="/data/group_one_start/group_two_start/GENDER">
          <label ref="jr:itext('/data/group_one_start/group_two_start/GENDER:label')"/>
          <item>
            <label ref="jr:itext('/data/group_one_start/group_two_start/GENDER/00:label')"/>
            <value>00</value>
          </item>
          <item>
            <label ref="jr:itext('/data/group_one_start/group_two_start/GENDER/01:label')"/>
            <value>01</value>
          </item>
          <item>
            <label ref="jr:itext('/data/group_one_start/group_two_start/GENDER/02:label')"/>
            <value>02</value>
          </item>
        </select1>
        <input ref="/data/group_one_start/group_two_start/DATE_OF_BIRTH">
          <label ref="jr:itext('/data/group_one_start/group_two_start/DATE_OF_BIRTH:label')"/>
        </input>
        <select1 appearance="minimal" ref="/data/group_one_start/group_two_start/CLIENT_STATUS">
          <label ref="jr:itext('/data/group_one_start/group_two_start/CLIENT_STATUS:label')"/>
          <item>
            <label ref="jr:itext('/data/group_one_start/group_two_start/CLIENT_STATUS/00:label')"/>
            <value>00</value>
          </item>
          <item>
            <label ref="jr:itext('/data/group_one_start/group_two_start/CLIENT_STATUS/01:label')"/>
            <value>01</value>
          </item>
          <item>
            <label ref="jr:itext('/data/group_one_start/group_two_start/CLIENT_STATUS/02:label')"/>
            <value>02</value>
          </item>
          <item>
            <label ref="jr:itext('/data/group_one_start/group_two_start/CLIENT_STATUS/03:label')"/>
            <value>03</value>
          </item>
          <item>
            <label ref="jr:itext('/data/group_one_start/group_two_start/CLIENT_STATUS/99:label')"/>
            <value>99</value>
          </item>
        </select1>
        <input ref="/data/group_one_start/group_two_start/NATIONALITY">
          <label ref="jr:itext('/data/group_one_start/group_two_start/NATIONALITY:label')"/>
        </input>
        <input ref="/data/group_one_start/group_two_start/COUNTRYOFBIRTH">
          <label ref="jr:itext('/data/group_one_start/group_two_start/COUNTRYOFBIRTH:label')"/>
        </input>
        <input ref="/data/group_one_start/group_two_start/PLACE_OF_BIRTH">
          <label ref="jr:itext('/data/group_one_start/group_two_start/PLACE_OF_BIRTH:label')"/>
        </input>
        <input ref="/data/group_one_start/group_two_start/HEIGHT">
          <label ref="jr:itext('/data/group_one_start/group_two_start/HEIGHT:label')"/>
        </input>
        <input ref="/data/group_one_start/group_two_start/OCCUPATION">
          <label ref="jr:itext('/data/group_one_start/group_two_start/OCCUPATION:label')"/>
        </input>
        <select1 appearance="minimal" ref="/data/group_one_start/group_two_start/MARITAL_STATUS">
          <label ref="jr:itext('/data/group_one_start/group_two_start/MARITAL_STATUS:label')"/>
          <item>
            <label ref="jr:itext('/data/group_one_start/group_two_start/MARITAL_STATUS/00:label')"/>
            <value>00</value>
          </item>
          <item>
            <label ref="jr:itext('/data/group_one_start/group_two_start/MARITAL_STATUS/01:label')"/>
            <value>01</value>
          </item>
          <item>
            <label ref="jr:itext('/data/group_one_start/group_two_start/MARITAL_STATUS/02:label')"/>
            <value>02</value>
          </item>
          <item>
            <label ref="jr:itext('/data/group_one_start/group_two_start/MARITAL_STATUS/03:label')"/>
            <value>03</value>
          </item>
          <item>
            <label ref="jr:itext('/data/group_one_start/group_two_start/MARITAL_STATUS/04:label')"/>
            <value>04</value>
          </item>
          <item>
            <label ref="jr:itext('/data/group_one_start/group_two_start/MARITAL_STATUS/05:label')"/>
            <value>05</value>
          </item>
          <item>
            <label ref="jr:itext('/data/group_one_start/group_two_start/MARITAL_STATUS/06:label')"/>
            <value>06</value>
          </item>
          <item>
            <label ref="jr:itext('/data/group_one_start/group_two_start/MARITAL_STATUS/07:label')"/>
            <value>07</value>
          </item>
          <item>
            <label ref="jr:itext('/data/group_one_start/group_two_start/MARITAL_STATUS/99:label')"/>
            <value>99</value>
          </item>
        </select1>
        <input ref="/data/group_one_start/group_two_start/SPOUSENAME">
          <label ref="jr:itext('/data/group_one_start/group_two_start/SPOUSENAME:label')"/>
        </input>
      </group>
      <group appearance="field-list" ref="/data/group_one_start/group_three_start">
        <input ref="/data/group_one_start/group_three_start/FATHERSNAME_FIRST">
          <label ref="jr:itext('/data/group_one_start/group_three_start/FATHERSNAME_FIRST:label')"/>
        </input>
        <input ref="/data/group_one_start/group_three_start/FATHERSNAME">
          <label ref="jr:itext('/data/group_one_start/group_three_start/FATHERSNAME:label')"/>
        </input>
        <input ref="/data/group_one_start/group_three_start/FATHERSNAME_BIRTHDATE">
          <label ref="jr:itext('/data/group_one_start/group_three_start/FATHERSNAME_BIRTHDATE:label')"/>
        </input>
        <input ref="/data/group_one_start/group_three_start/FATHERSNAME_BIRTHPLACE">
          <label ref="jr:itext('/data/group_one_start/group_three_start/FATHERSNAME_BIRTHPLACE:label')"/>
        </input>
        <input ref="/data/group_one_start/group_three_start/MOTHERSNAME_FIRST">
          <label ref="jr:itext('/data/group_one_start/group_three_start/MOTHERSNAME_FIRST:label')"/>
        </input>
        <input ref="/data/group_one_start/group_three_start/MOTHERSNAME">
          <label ref="jr:itext('/data/group_one_start/group_three_start/MOTHERSNAME:label')"/>
        </input>
        <input ref="/data/group_one_start/group_three_start/MOTHERSNAME_BIRTHDATE">
          <label ref="jr:itext('/data/group_one_start/group_three_start/MOTHERSNAME_BIRTHDATE:label')"/>
        </input>
        <input ref="/data/group_one_start/group_three_start/MOTHERSNAME_BIRTHPLACE">
          <label ref="jr:itext('/data/group_one_start/group_three_start/MOTHERSNAME_BIRTHPLACE:label')"/>
        </input>
        <input ref="/data/group_one_start/group_three_start/TUTORSNAME_FIRST">
          <label ref="jr:itext('/data/group_one_start/group_three_start/TUTORSNAME_FIRST:label')"/>
        </input>
        <input ref="/data/group_one_start/group_three_start/TUTORSNAME">
          <label ref="jr:itext('/data/group_one_start/group_three_start/TUTORSNAME:label')"/>
        </input>
        <input ref="/data/group_one_start/group_three_start/TUTORSNAME_BIRTHDATE">
          <label ref="jr:itext('/data/group_one_start/group_three_start/TUTORSNAME_BIRTHDATE:label')"/>
        </input>
        <input ref="/data/group_one_start/group_three_start/TUTORSNAME_BIRTHPLACE">
          <label ref="jr:itext('/data/group_one_start/group_three_start/TUTORSNAME_BIRTHPLACE:label')"/>
        </input>
        <select1 appearance="minimal" ref="/data/group_one_start/group_three_start/DISABILITY">
          <label ref="jr:itext('/data/group_one_start/group_three_start/DISABILITY:label')"/>
          <item>
            <label ref="jr:itext('/data/group_one_start/group_three_start/DISABILITY/00:label')"/>
            <value>00</value>
          </item>
          <item>
            <label ref="jr:itext('/data/group_one_start/group_three_start/DISABILITY/01:label')"/>
            <value>01</value>
          </item>
          <item>
            <label ref="jr:itext('/data/group_one_start/group_three_start/DISABILITY/02:label')"/>
            <value>02</value>
          </item>
          <item>
            <label ref="jr:itext('/data/group_one_start/group_three_start/DISABILITY/03:label')"/>
            <value>03</value>
          </item>
          <item>
            <label ref="jr:itext('/data/group_one_start/group_three_start/DISABILITY/04:label')"/>
            <value>04</value>
          </item>
          <item>
            <label ref="jr:itext('/data/group_one_start/group_three_start/DISABILITY/05:label')"/>
            <value>05</value>
          </item>
          <item>
            <label ref="jr:itext('/data/group_one_start/group_three_start/DISABILITY/06:label')"/>
            <value>06</value>
          </item>
          <item>
            <label ref="jr:itext('/data/group_one_start/group_three_start/DISABILITY/07:label')"/>
            <value>07</value>
          </item>
          <item>
            <label ref="jr:itext('/data/group_one_start/group_three_start/DISABILITY/99:label')"/>
            <value>99</value>
          </item>
        </select1>
      </group>
      <group appearance="field-list" ref="/data/group_one_start/group_four_start">
        <input ref="/data/group_one_start/group_four_start/BCT1">
          <label ref="jr:itext('/data/group_one_start/group_four_start/BCT1:label')"/>
        </input>
        <input ref="/data/group_one_start/group_four_start/BCT2">
          <label ref="jr:itext('/data/group_one_start/group_four_start/BCT2:label')"/>
        </input>
      </group>
      <group appearance="field-list" ref="/data/group_one_start/group_five_start">
        <input ref="/data/group_one_start/group_five_start/BADRPC2">
          <label ref="jr:itext('/data/group_one_start/group_five_start/BADRPC2:label')"/>
        </input>
        <input ref="/data/group_one_start/group_five_start/BADRCC2">
          <label ref="jr:itext('/data/group_one_start/group_five_start/BADRCC2:label')"/>
        </input>
        <input ref="/data/group_one_start/group_five_start/BADRADR2">
          <label ref="jr:itext('/data/group_one_start/group_five_start/BADRADR2:label')"/>
        </input>
        <input ref="/data/group_one_start/group_five_start/BADRDET2">
          <label ref="jr:itext('/data/group_one_start/group_five_start/BADRDET2:label')"/>
        </input>
        <input ref="/data/group_one_start/group_five_start/BADRPC4">
          <label ref="jr:itext('/data/group_one_start/group_five_start/BADRPC4:label')"/>
        </input>
        <input ref="/data/group_one_start/group_five_start/BADRADR4">
          <label ref="jr:itext('/data/group_one_start/group_five_start/BADRADR4:label')"/>
        </input>
        <input ref="/data/group_one_start/group_five_start/BADRDET4">
          <label ref="jr:itext('/data/group_one_start/group_five_start/BADRDET4:label')"/>
        </input>
      </group>
    </group>
  </h:body>
</h:html>
