<?xml version="1.0"?>
<h:html xmlns="http://www.w3.org/2002/xforms" xmlns:ev="http://www.w3.org/2001/xml-events" xmlns:h="http://www.w3.org/1999/xhtml" xmlns:jr="http://openrosa.org/javarosa" xmlns:odk="http://www.opendatakit.org/xforms" xmlns:orx="http://openrosa.org/xforms" xmlns:xsd="http://www.w3.org/2001/XMLSchema">
  <h:head>
    <h:title>necto_official_info_edit</h:title>
    <model odk:xforms-version="1.0.0">
      <itext>
        <translation default="true()" lang="default">
          <text id="/data/group_one_start/group_two_start/EXOP_EXITDATE:label">
            <value>Exit Date</value>
          </text>
          <text id="/data/group_one_start/group_two_start/EXOP_STATUS/05:label">
            <value>Temporarily removed</value>
          </text>
          <text id="/data/group_one_start/group_two_start/EXOP_STATUS/02:label">
            <value>Deceased</value>
          </text>
          <text id="/data/group_one_start/group_two_start/EXOP_ROLE/04:label">
            <value>Cashier</value>
          </text>
          <text id="/data/group_one_start/group_two_start/EXOP_LASTCHANGEDBY:label">
            <value>Last Changed By</value>
          </text>
          <text id="/data/group_one_start/group_two_start/EXOP_ROLE:jr:requiredMsg">
            <value>Role is required</value>
          </text>
          <text id="/data/group_one_start/group_two_start/EXOP_STATUS/00:label">
            <value>Undefined</value>
          </text>
          <text id="/data/group_one_start/group_two_start/EXOP_ROLE:label">
            <value>Role</value>
          </text>
          <text id="/data/group_one_start/group_two_start/EXOP_ROLE/02:label">
            <value>Supervisor</value>
          </text>
          <text id="/data/group_one_start/group_two_start/EXOP_STATUS:jr:requiredMsg">
            <value>Status is required</value>
          </text>
          <text id="/data/group_one_start/group_two_start/EXOP_STATUS/04:label">
            <value>Permanently removed</value>
          </text>
          <text id="/data/group_one_start/group_two_start/EXOP_ENTRYDATE:label">
            <value>Entry Date</value>
          </text>
          <text id="/data/group_one_start/group_two_start/EXOP_LASTDATE:label">
            <value>Date of Last Change</value>
          </text>
          <text id="/data/group_one_start/group_two_start/EXOP_ROLE/00:label">
            <value>Unknown</value>
          </text>
          <text id="/data/group_one_start/group_two_start/EXOP_USERID:label">
            <value>User ID</value>
          </text>
          <text id="/data/group_one_start/group_two_start/EXOP_STATUS/03:label">
            <value>Ignored</value>
          </text>
          <text id="/data/group_one_start/group_two_start/EXOP_ROLE/99:label">
            <value>Other</value>
          </text>
          <text id="/data/group_one_start/group_two_start/EXOP_STATUS:label">
            <value>Officer Status</value>
          </text>
          <text id="/data/group_one_start/group_two_start/EXOP_STATUS/01:label">
            <value>Active</value>
          </text>
          <text id="/data/group_one_start/group_two_start/EXOP_CREATEDBY:label">
            <value>Created By</value>
          </text>
          <text id="/data/group_one_start/group_two_start/EXOP_ROLE/03:label">
            <value>Operator</value>
          </text>
        </translation>
        <translation lang="fr">
          <text id="/data/group_one_start/group_two_start/EXOP_EXITDATE:label">
            <value>Date de sortie</value>
          </text>
          <text id="/data/group_one_start/group_two_start/EXOP_STATUS/05:label">
            <value>Temporairement retiré</value>
          </text>
          <text id="/data/group_one_start/group_two_start/EXOP_STATUS/02:label">
            <value>Décédé</value>
          </text>
          <text id="/data/group_one_start/group_two_start/EXOP_ROLE/04:label">
            <value>La caissière</value>
          </text>
          <text id="/data/group_one_start/group_two_start/EXOP_LASTCHANGEDBY:label">
            <value>Dernière modification par</value>
          </text>
          <text id="/data/group_one_start/group_two_start/EXOP_ROLE:jr:requiredMsg">
            <value>Le rôle est requis</value>
          </text>
          <text id="/data/group_one_start/group_two_start/EXOP_STATUS/00:label">
            <value>Non défini</value>
          </text>
          <text id="/data/group_one_start/group_two_start/EXOP_ROLE:label">
            <value>Rôle</value>
          </text>
          <text id="/data/group_one_start/group_two_start/EXOP_ROLE/02:label">
            <value>Superviseur</value>
          </text>
          <text id="/data/group_one_start/group_two_start/EXOP_STATUS:jr:requiredMsg">
            <value>Le statut est requis</value>
          </text>
          <text id="/data/group_one_start/group_two_start/EXOP_STATUS/04:label">
            <value>Définitivement supprimé</value>
          </text>
          <text id="/data/group_one_start/group_two_start/EXOP_ENTRYDATE:label">
            <value>Date d'entrée</value>
          </text>
          <text id="/data/group_one_start/group_two_start/EXOP_LASTDATE:label">
            <value>Date du dernier changement</value>
          </text>
          <text id="/data/group_one_start/group_two_start/EXOP_ROLE/00:label">
            <value>Inconnu</value>
          </text>
          <text id="/data/group_one_start/group_two_start/EXOP_USERID:label">
            <value>Identifiant d'utilisateur</value>
          </text>
          <text id="/data/group_one_start/group_two_start/EXOP_STATUS/03:label">
            <value>Ignoré</value>
          </text>
          <text id="/data/group_one_start/group_two_start/EXOP_ROLE/99:label">
            <value>Autre</value>
          </text>
          <text id="/data/group_one_start/group_two_start/EXOP_STATUS:label">
            <value>Statut d'officier</value>
          </text>
          <text id="/data/group_one_start/group_two_start/EXOP_STATUS/01:label">
            <value>Activement</value>
          </text>
          <text id="/data/group_one_start/group_two_start/EXOP_CREATEDBY:label">
            <value>Créé par</value>
          </text>
          <text id="/data/group_one_start/group_two_start/EXOP_ROLE/03:label">
            <value>Opérateur</value>
          </text>
        </translation>
        <translation lang="sw">
          <text id="/data/group_one_start/group_two_start/EXOP_EXITDATE:label">
            <value>Tarehe ya Kuondoka</value>
          </text>
          <text id="/data/group_one_start/group_two_start/EXOP_STATUS/05:label">
            <value>Imeondolewa kwa muda</value>
          </text>
          <text id="/data/group_one_start/group_two_start/EXOP_STATUS/02:label">
            <value>Marehemu</value>
          </text>
          <text id="/data/group_one_start/group_two_start/EXOP_ROLE/04:label">
            <value>Keshia</value>
          </text>
          <text id="/data/group_one_start/group_two_start/EXOP_LASTCHANGEDBY:label">
            <value>Ilibadilishwa Mwisho na</value>
          </text>
          <text id="/data/group_one_start/group_two_start/EXOP_ROLE:jr:requiredMsg">
            <value>Jukumu linahitajika</value>
          </text>
          <text id="/data/group_one_start/group_two_start/EXOP_STATUS/00:label">
            <value>Haijafafanuliwa</value>
          </text>
          <text id="/data/group_one_start/group_two_start/EXOP_ROLE:label">
            <value>Jukumu</value>
          </text>
          <text id="/data/group_one_start/group_two_start/EXOP_ROLE/02:label">
            <value>Msimamizi</value>
          </text>
          <text id="/data/group_one_start/group_two_start/EXOP_STATUS:jr:requiredMsg">
            <value>Hali inahitajika</value>
          </text>
          <text id="/data/group_one_start/group_two_start/EXOP_STATUS/04:label">
            <value>Imeondolewa kabisa</value>
          </text>
          <text id="/data/group_one_start/group_two_start/EXOP_ENTRYDATE:label">
            <value>Tarehe ya Kuingia</value>
          </text>
          <text id="/data/group_one_start/group_two_start/EXOP_LASTDATE:label">
            <value>Tarehe ya Mabadiliko ya Mwisho</value>
          </text>
          <text id="/data/group_one_start/group_two_start/EXOP_ROLE/00:label">
            <value>Haijulikani</value>
          </text>
          <text id="/data/group_one_start/group_two_start/EXOP_USERID:label">
            <value>Kitambulisho cha Mtumiaji</value>
          </text>
          <text id="/data/group_one_start/group_two_start/EXOP_STATUS/03:label">
            <value>Imepuuzwa</value>
          </text>
          <text id="/data/group_one_start/group_two_start/EXOP_ROLE/99:label">
            <value>Nyingine</value>
          </text>
          <text id="/data/group_one_start/group_two_start/EXOP_STATUS:label">
            <value>Hali ya Afisa</value>
          </text>
          <text id="/data/group_one_start/group_two_start/EXOP_STATUS/01:label">
            <value>Inatumika</value>
          </text>
          <text id="/data/group_one_start/group_two_start/EXOP_CREATEDBY:label">
            <value>Imetengenezwa na</value>
          </text>
          <text id="/data/group_one_start/group_two_start/EXOP_ROLE/03:label">
            <value>Opereta</value>
          </text>
        </translation>
      </itext>
      <instance>
        <data id="necto_official_info_edit">
          <group_one_start>
            <group_two_start>
              <EXOP_STATUS/>
              <EXOP_USERID/>
              <EXOP_ENTRYDATE/>
              <EXOP_EXITDATE/>
              <EXOP_LASTDATE/>
              <EXOP_ROLE/>
              <EXOP_CREATEDBY/>
              <EXOP_LASTCHANGEDBY/>
              <topic>EXOP</topic>
            </group_two_start>
          </group_one_start>
          <meta>
            <instanceID/>
            <instanceName/>
          </meta>
        </data>
      </instance>
      <bind jr:requiredMsg="jr:itext('/data/group_one_start/group_two_start/EXOP_STATUS:jr:requiredMsg')" nodeset="/data/group_one_start/group_two_start/EXOP_STATUS" required="true()" type="string"/>
      <bind nodeset="/data/group_one_start/group_two_start/EXOP_USERID" readonly="true()" type="string"/>
      <bind nodeset="/data/group_one_start/group_two_start/EXOP_ENTRYDATE" readonly="true()" type="string"/>
      <bind nodeset="/data/group_one_start/group_two_start/EXOP_EXITDATE" readonly="true()" type="string"/>
      <bind nodeset="/data/group_one_start/group_two_start/EXOP_LASTDATE" readonly="true()" type="string"/>
      <bind jr:requiredMsg="jr:itext('/data/group_one_start/group_two_start/EXOP_ROLE:jr:requiredMsg')" nodeset="/data/group_one_start/group_two_start/EXOP_ROLE" required="true()" type="string"/>
      <bind nodeset="/data/group_one_start/group_two_start/EXOP_CREATEDBY" readonly="true()" type="string"/>
      <bind nodeset="/data/group_one_start/group_two_start/EXOP_LASTCHANGEDBY" readonly="true()" type="string"/>
      <bind nodeset="/data/group_one_start/group_two_start/topic" type="string"/>
      <bind jr:preload="uid" nodeset="/data/meta/instanceID" readonly="true()" type="string"/>
      <bind calculate="necto_official_info_edit" nodeset="/data/meta/instanceName" type="string"/>
    </model>
  </h:head>
  <h:body>
    <group appearance="field-list" ref="/data/group_one_start">
      <group appearance="field-list" ref="/data/group_one_start/group_two_start">
        <select1 appearance="minimal" ref="/data/group_one_start/group_two_start/EXOP_STATUS">
          <label ref="jr:itext('/data/group_one_start/group_two_start/EXOP_STATUS:label')"/>
          <item>
            <label ref="jr:itext('/data/group_one_start/group_two_start/EXOP_STATUS/00:label')"/>
            <value>00</value>
          </item>
          <item>
            <label ref="jr:itext('/data/group_one_start/group_two_start/EXOP_STATUS/01:label')"/>
            <value>01</value>
          </item>
          <item>
            <label ref="jr:itext('/data/group_one_start/group_two_start/EXOP_STATUS/02:label')"/>
            <value>02</value>
          </item>
          <item>
            <label ref="jr:itext('/data/group_one_start/group_two_start/EXOP_STATUS/03:label')"/>
            <value>03</value>
          </item>
          <item>
            <label ref="jr:itext('/data/group_one_start/group_two_start/EXOP_STATUS/04:label')"/>
            <value>04</value>
          </item>
          <item>
            <label ref="jr:itext('/data/group_one_start/group_two_start/EXOP_STATUS/05:label')"/>
            <value>05</value>
          </item>
        </select1>
        <input ref="/data/group_one_start/group_two_start/EXOP_USERID">
          <label ref="jr:itext('/data/group_one_start/group_two_start/EXOP_USERID:label')"/>
        </input>
        <input ref="/data/group_one_start/group_two_start/EXOP_ENTRYDATE">
          <label ref="jr:itext('/data/group_one_start/group_two_start/EXOP_ENTRYDATE:label')"/>
        </input>
        <input ref="/data/group_one_start/group_two_start/EXOP_EXITDATE">
          <label ref="jr:itext('/data/group_one_start/group_two_start/EXOP_EXITDATE:label')"/>
        </input>
        <input ref="/data/group_one_start/group_two_start/EXOP_LASTDATE">
          <label ref="jr:itext('/data/group_one_start/group_two_start/EXOP_LASTDATE:label')"/>
        </input>
        <select1 appearance="minimal" ref="/data/group_one_start/group_two_start/EXOP_ROLE">
          <label ref="jr:itext('/data/group_one_start/group_two_start/EXOP_ROLE:label')"/>
          <item>
            <label ref="jr:itext('/data/group_one_start/group_two_start/EXOP_ROLE/00:label')"/>
            <value>00</value>
          </item>
          <item>
            <label>Administrator</label>
            <value>01</value>
          </item>
          <item>
            <label ref="jr:itext('/data/group_one_start/group_two_start/EXOP_ROLE/02:label')"/>
            <value>02</value>
          </item>
          <item>
            <label ref="jr:itext('/data/group_one_start/group_two_start/EXOP_ROLE/03:label')"/>
            <value>03</value>
          </item>
          <item>
            <label ref="jr:itext('/data/group_one_start/group_two_start/EXOP_ROLE/04:label')"/>
            <value>04</value>
          </item>
          <item>
            <label ref="jr:itext('/data/group_one_start/group_two_start/EXOP_ROLE/99:label')"/>
            <value>99</value>
          </item>
        </select1>
        <input ref="/data/group_one_start/group_two_start/EXOP_CREATEDBY">
          <label ref="jr:itext('/data/group_one_start/group_two_start/EXOP_CREATEDBY:label')"/>
        </input>
        <input ref="/data/group_one_start/group_two_start/EXOP_LASTCHANGEDBY">
          <label ref="jr:itext('/data/group_one_start/group_two_start/EXOP_LASTCHANGEDBY:label')"/>
        </input>
        <input appearance="hidden" ref="/data/group_one_start/group_two_start/topic">
          <label>topic</label>
        </input>
      </group>
    </group>
  </h:body>
</h:html>
