<?xml version="1.0"?>
<h:html xmlns="http://www.w3.org/2002/xforms" xmlns:ev="http://www.w3.org/2001/xml-events" xmlns:h="http://www.w3.org/1999/xhtml" xmlns:jr="http://openrosa.org/javarosa" xmlns:odk="http://www.opendatakit.org/xforms" xmlns:orx="http://openrosa.org/xforms" xmlns:xsd="http://www.w3.org/2001/XMLSchema">
  <h:head>
    <h:title>necto_official_changepwd</h:title>
    <model odk:xforms-version="1.0.0">
      <itext>
        <translation default="true()" lang="default">
          <text id="/data/group_one_start/group_two_start/EXOP_PW_NEW:jr:requiredMsg">
            <value>Password is required</value>
          </text>
          <text id="/data/group_one_start/group_two_start/EXOP_PW_NEW:label">
            <value>New Password</value>
          </text>
        </translation>
        <translation lang="fr">
          <text id="/data/group_one_start/group_two_start/EXOP_PW_NEW:jr:requiredMsg">
            <value>Mot de passe requis</value>
          </text>
          <text id="/data/group_one_start/group_two_start/EXOP_PW_NEW:label">
            <value>Nouveau Mot de passe</value>
          </text>
        </translation>
        <translation lang="sw">
          <text id="/data/group_one_start/group_two_start/EXOP_PW_NEW:jr:requiredMsg">
            <value>Nenosiri linahitajika</value>
          </text>
          <text id="/data/group_one_start/group_two_start/EXOP_PW_NEW:label">
            <value>Nenosiri mpya</value>
          </text>
        </translation>
      </itext>
      <instance>
        <data id="necto_official_changepwd">
          <group_one_start>
            <group_two_start>
              <EXOP_PW_NEW/>
              <topic>EXOP</topic>
            </group_two_start>
          </group_one_start>
          <meta>
            <instanceID/>
            <instanceName/>
          </meta>
        </data>
      </instance>
      <bind jr:requiredMsg="jr:itext('/data/group_one_start/group_two_start/EXOP_PW_NEW:jr:requiredMsg')" nodeset="/data/group_one_start/group_two_start/EXOP_PW_NEW" required="true()" type="string"/>
      <bind nodeset="/data/group_one_start/group_two_start/topic" type="string"/>
      <bind jr:preload="uid" nodeset="/data/meta/instanceID" readonly="true()" type="string"/>
      <bind calculate="change_pwd_necto_official" nodeset="/data/meta/instanceName" type="string"/>
    </model>
  </h:head>
  <h:body>
    <group appearance="field-list" ref="/data/group_one_start">
      <group appearance="field-list" ref="/data/group_one_start/group_two_start">
        <input appearance="password" ref="/data/group_one_start/group_two_start/EXOP_PW_NEW">
          <label ref="jr:itext('/data/group_one_start/group_two_start/EXOP_PW_NEW:label')"/>
        </input>
        <input appearance="hidden" ref="/data/group_one_start/group_two_start/topic">
          <label>topic</label>
        </input>
      </group>
    </group>
  </h:body>
</h:html>
