<?xml version="1.0"?>
<h:html xmlns="http://www.w3.org/2002/xforms" xmlns:ev="http://www.w3.org/2001/xml-events" xmlns:h="http://www.w3.org/1999/xhtml" xmlns:jr="http://openrosa.org/javarosa" xmlns:odk="http://www.opendatakit.org/xforms" xmlns:orx="http://openrosa.org/xforms" xmlns:xsd="http://www.w3.org/2001/XMLSchema">
  <h:head>
    <h:title>registration_station</h:title>
    <model odk:xforms-version="1.0.0">
      <itext>
        <translation default="true()" lang="default">
          <text id="/data/group_one_start/group_two_start/A4B:label">
            <value>Locality Name</value>
          </text>
          <text id="/data/group_one_start/group_two_start/A11:label">
            <value>Reg Center is permanent</value>
          </text>
          <text id="/data/group_one_start/group_two_start/A11/03:label">
            <value>No</value>
          </text>
          <text id="/data/group_one_start/group_two_start/A11/02:label">
            <value>Yes</value>
          </text>
          <text id="/data/group_one_start/group_two_start/A1:label">
            <value>Creation Date</value>
          </text>
          <text id="/data/group_one_start/group_two_start/A2A:label">
            <value>Region Code</value>
          </text>
          <text id="/data/group_one_start/group_two_start/A4A:label">
            <value>Locality Code</value>
          </text>
          <text id="/data/group_one_start/group_two_start/UUID:label">
            <value>Group UID</value>
          </text>
          <text id="/data/group_one_start/group_two_start/A10/00:label">
            <value>Registration Center</value>
          </text>
          <text id="/data/group_one_start/group_two_start/A3A:label">
            <value>Department</value>
          </text>
          <text id="/data/group_one_start/group_two_start/A3B:label">
            <value>Department Name</value>
          </text>
          <text id="/data/group_one_start/group_two_start/A10/99:label">
            <value>Other</value>
          </text>
          <text id="/data/group_one_start/group_two_start/A_ID:label">
            <value>Registration Center ID</value>
          </text>
          <text id="/data/group_one_start/group_two_start/A11/00:label">
            <value>Unknown</value>
          </text>
          <text id="/data/group_one_start/group_two_start/A10:label">
            <value>Reg Center Type</value>
          </text>
          <text id="/data/group_one_start/group_two_start/A2B:label">
            <value>Region</value>
          </text>
          <text id="/data/group_one_start/group_two_start/A_NAME:label">
            <value>Registration Center Name</value>
          </text>
        </translation>
        <translation lang="fr">
          <text id="/data/group_one_start/group_two_start/A4B:label">
            <value>Nom de la localité</value>
          </text>
          <text id="/data/group_one_start/group_two_start/A11:label">
            <value>Reg Center est permanent</value>
          </text>
          <text id="/data/group_one_start/group_two_start/A11/03:label">
            <value>Non</value>
          </text>
          <text id="/data/group_one_start/group_two_start/A11/02:label">
            <value>Oui</value>
          </text>
          <text id="/data/group_one_start/group_two_start/A1:label">
            <value>Date de création</value>
          </text>
          <text id="/data/group_one_start/group_two_start/A2A:label">
            <value>Code de région</value>
          </text>
          <text id="/data/group_one_start/group_two_start/A4A:label">
            <value>Locality Code</value>
          </text>
          <text id="/data/group_one_start/group_two_start/UUID:label">
            <value>UID de groupe</value>
          </text>
          <text id="/data/group_one_start/group_two_start/A10/00:label">
            <value>Centre d'enregistrement</value>
          </text>
          <text id="/data/group_one_start/group_two_start/A3A:label">
            <value>département</value>
          </text>
          <text id="/data/group_one_start/group_two_start/A3B:label">
            <value>Nom du département</value>
          </text>
          <text id="/data/group_one_start/group_two_start/A10/99:label">
            <value>Autre</value>
          </text>
          <text id="/data/group_one_start/group_two_start/A_ID:label">
            <value>ID du centre d'inscription</value>
          </text>
          <text id="/data/group_one_start/group_two_start/A11/00:label">
            <value>Unkekannt</value>
          </text>
          <text id="/data/group_one_start/group_two_start/A10:label">
            <value>Type de centre d'enregistrement</value>
          </text>
          <text id="/data/group_one_start/group_two_start/A2B:label">
            <value>Région</value>
          </text>
          <text id="/data/group_one_start/group_two_start/A_NAME:label">
            <value>Nom du centre d'inscription</value>
          </text>
        </translation>
        <translation lang="sw">
          <text id="/data/group_one_start/group_two_start/A4B:label">
            <value>Locality Name</value>
          </text>
          <text id="/data/group_one_start/group_two_start/A11:label">
            <value>Kituo cha Usajili ni cha kudumu</value>
          </text>
          <text id="/data/group_one_start/group_two_start/A11/03:label">
            <value>Hapana</value>
          </text>
          <text id="/data/group_one_start/group_two_start/A11/02:label">
            <value>Ndio</value>
          </text>
          <text id="/data/group_one_start/group_two_start/A1:label">
            <value>Tarehe ya uumbaji</value>
          </text>
          <text id="/data/group_one_start/group_two_start/A2A:label">
            <value>Msimbo wa Mkoa</value>
          </text>
          <text id="/data/group_one_start/group_two_start/A4A:label">
            <value>Locality Code</value>
          </text>
          <text id="/data/group_one_start/group_two_start/UUID:label">
            <value>UID ya Kikundi</value>
          </text>
          <text id="/data/group_one_start/group_two_start/A10/00:label">
            <value>Kituo cha Usajili</value>
          </text>
          <text id="/data/group_one_start/group_two_start/A3A:label">
            <value>Idara</value>
          </text>
          <text id="/data/group_one_start/group_two_start/A3B:label">
            <value>Jina la Idara</value>
          </text>
          <text id="/data/group_one_start/group_two_start/A10/99:label">
            <value>Nyingine</value>
          </text>
          <text id="/data/group_one_start/group_two_start/A_ID:label">
            <value>Kitambulisho cha Kituo cha Usajili</value>
          </text>
          <text id="/data/group_one_start/group_two_start/A11/00:label">
            <value>Haijulikani</value>
          </text>
          <text id="/data/group_one_start/group_two_start/A10:label">
            <value>Aina ya Kituo cha Usajili</value>
          </text>
          <text id="/data/group_one_start/group_two_start/A2B:label">
            <value>Mkoa</value>
          </text>
          <text id="/data/group_one_start/group_two_start/A_NAME:label">
            <value>Jina la Kituo cha Usajili</value>
          </text>
        </translation>
      </itext>
      <instance>
        <data id="registration_station">
          <group_one_start>
            <group_two_start>
              <UUID/>
              <A_ID/>
              <A_NAME/>
              <A1/>
              <A2A/>
              <A2B/>
              <A3A/>
              <A3B/>
              <A4A/>
              <A4B/>
              <A10/>
              <A11/>
            </group_two_start>
          </group_one_start>
          <meta>
            <instanceID/>
            <instanceName/>
          </meta>
        </data>
      </instance>
      <bind nodeset="/data/group_one_start/group_two_start/UUID" readonly="true()" type="string"/>
      <bind nodeset="/data/group_one_start/group_two_start/A_ID" readonly="true()" type="string"/>
      <bind nodeset="/data/group_one_start/group_two_start/A_NAME" readonly="true()" type="string"/>
      <bind nodeset="/data/group_one_start/group_two_start/A1" readonly="true()" type="date"/>
      <bind nodeset="/data/group_one_start/group_two_start/A2A" readonly="true()" type="string"/>
      <bind nodeset="/data/group_one_start/group_two_start/A2B" readonly="true()" type="string"/>
      <bind nodeset="/data/group_one_start/group_two_start/A3A" readonly="true()" type="string"/>
      <bind nodeset="/data/group_one_start/group_two_start/A3B" readonly="true()" type="string"/>
      <bind nodeset="/data/group_one_start/group_two_start/A4A" readonly="true()" type="string"/>
      <bind nodeset="/data/group_one_start/group_two_start/A4B" readonly="true()" type="string"/>
      <bind nodeset="/data/group_one_start/group_two_start/A10" readonly="true()" type="string"/>
      <bind nodeset="/data/group_one_start/group_two_start/A11" readonly="true()" type="string"/>
      <bind jr:preload="uid" nodeset="/data/meta/instanceID" readonly="true()" type="string"/>
      <bind calculate="station_info" nodeset="/data/meta/instanceName" type="string"/>
    </model>
  </h:head>
  <h:body>
    <group appearance="field-list" ref="/data/group_one_start">
      <group appearance="field-list" ref="/data/group_one_start/group_two_start">
        <input ref="/data/group_one_start/group_two_start/UUID">
          <label ref="jr:itext('/data/group_one_start/group_two_start/UUID:label')"/>
        </input>
        <input ref="/data/group_one_start/group_two_start/A_ID">
          <label ref="jr:itext('/data/group_one_start/group_two_start/A_ID:label')"/>
        </input>
        <input ref="/data/group_one_start/group_two_start/A_NAME">
          <label ref="jr:itext('/data/group_one_start/group_two_start/A_NAME:label')"/>
        </input>
        <input ref="/data/group_one_start/group_two_start/A1">
          <label ref="jr:itext('/data/group_one_start/group_two_start/A1:label')"/>
        </input>
        <input ref="/data/group_one_start/group_two_start/A2A">
          <label ref="jr:itext('/data/group_one_start/group_two_start/A2A:label')"/>
        </input>
        <input ref="/data/group_one_start/group_two_start/A2B">
          <label ref="jr:itext('/data/group_one_start/group_two_start/A2B:label')"/>
        </input>
        <input ref="/data/group_one_start/group_two_start/A3A">
          <label ref="jr:itext('/data/group_one_start/group_two_start/A3A:label')"/>
        </input>
        <input ref="/data/group_one_start/group_two_start/A3B">
          <label ref="jr:itext('/data/group_one_start/group_two_start/A3B:label')"/>
        </input>
        <input ref="/data/group_one_start/group_two_start/A4A">
          <label ref="jr:itext('/data/group_one_start/group_two_start/A4A:label')"/>
        </input>
        <input ref="/data/group_one_start/group_two_start/A4B">
          <label ref="jr:itext('/data/group_one_start/group_two_start/A4B:label')"/>
        </input>
        <select1 appearance="minimal" ref="/data/group_one_start/group_two_start/A10">
          <label ref="jr:itext('/data/group_one_start/group_two_start/A10:label')"/>
          <item>
            <label ref="jr:itext('/data/group_one_start/group_two_start/A10/00:label')"/>
            <value>00</value>
          </item>
          <item>
            <label ref="jr:itext('/data/group_one_start/group_two_start/A10/99:label')"/>
            <value>99</value>
          </item>
        </select1>
        <select1 appearance="minimal" ref="/data/group_one_start/group_two_start/A11">
          <label ref="jr:itext('/data/group_one_start/group_two_start/A11:label')"/>
          <item>
            <label ref="jr:itext('/data/group_one_start/group_two_start/A11/00:label')"/>
            <value>00</value>
          </item>
          <item>
            <label ref="jr:itext('/data/group_one_start/group_two_start/A11/02:label')"/>
            <value>02</value>
          </item>
          <item>
            <label ref="jr:itext('/data/group_one_start/group_two_start/A11/03:label')"/>
            <value>03</value>
          </item>
        </select1>
      </group>
    </group>
  </h:body>
</h:html>
