<?xml version="1.0"?>
<h:html xmlns="http://www.w3.org/2002/xforms" xmlns:ev="http://www.w3.org/2001/xml-events" xmlns:h="http://www.w3.org/1999/xhtml" xmlns:jr="http://openrosa.org/javarosa" xmlns:odk="http://www.opendatakit.org/xforms" xmlns:orx="http://openrosa.org/xforms" xmlns:xsd="http://www.w3.org/2001/XMLSchema">
  <h:head>
    <h:title>registration_info</h:title>
    <model odk:xforms-version="1.0.0">
      <itext>
        <translation default="true()" lang="default">
          <text id="/data/group_one_start/group_two_start/BR3:label">
            <value>Registration Station ID</value>
          </text>
          <text id="/data/group_one_start/group_two_start/BR4a:label">
            <value>Registration Officer ID</value>
          </text>
          <text id="/data/group_one_start/group_two_start/BR1:label">
            <value>Registration Date</value>
          </text>
          <text id="/data/group_one_start/group_two_start/BR2:label">
            <value>Registration Center</value>
          </text>
          <text id="/data/group_one_start/group_two_start/BR4b:label">
            <value>Registration Officer Name</value>
          </text>
        </translation>
        <translation lang="fr">
          <text id="/data/group_one_start/group_two_start/BR3:label">
            <value>ID de la station d'enregistrement</value>
          </text>
          <text id="/data/group_one_start/group_two_start/BR4a:label">
            <value>ID du registraire</value>
          </text>
          <text id="/data/group_one_start/group_two_start/BR1:label">
            <value>Inscription</value>
          </text>
          <text id="/data/group_one_start/group_two_start/BR2:label">
            <value>Centre d'enregistrement</value>
          </text>
          <text id="/data/group_one_start/group_two_start/BR4b:label">
            <value>Nom du registraire</value>
          </text>
        </translation>
        <translation lang="sw">
          <text id="/data/group_one_start/group_two_start/BR3:label">
            <value>Kitambulisho cha Kituo cha Usajili</value>
          </text>
          <text id="/data/group_one_start/group_two_start/BR4a:label">
            <value>Kitambulisho cha Afisa Usajili</value>
          </text>
          <text id="/data/group_one_start/group_two_start/BR1:label">
            <value>Tarehe ya Usajili</value>
          </text>
          <text id="/data/group_one_start/group_two_start/BR2:label">
            <value>Kituo cha Usajili</value>
          </text>
          <text id="/data/group_one_start/group_two_start/BR4b:label">
            <value>Jina la Afisa Usajili</value>
          </text>
        </translation>
      </itext>
      <instance>
        <data id="registration_info">
          <group_one_start>
            <group_two_start>
              <BR1/>
              <BR2/>
              <BR3/>
              <BR4a/>
              <BR4b/>
            </group_two_start>
          </group_one_start>
          <meta>
            <instanceID/>
            <instanceName/>
          </meta>
        </data>
      </instance>
      <bind nodeset="/data/group_one_start/group_two_start/BR1" readonly="true()" type="string"/>
      <bind nodeset="/data/group_one_start/group_two_start/BR2" readonly="true()" type="string"/>
      <bind nodeset="/data/group_one_start/group_two_start/BR3" readonly="true()" type="string"/>
      <bind nodeset="/data/group_one_start/group_two_start/BR4a" readonly="true()" type="string"/>
      <bind nodeset="/data/group_one_start/group_two_start/BR4b" readonly="true()" type="string"/>
      <bind jr:preload="uid" nodeset="/data/meta/instanceID" readonly="true()" type="string"/>
      <bind calculate="registration" nodeset="/data/meta/instanceName" type="string"/>
    </model>
  </h:head>
  <h:body>
    <group appearance="field-list" ref="/data/group_one_start">
      <group appearance="field-list" ref="/data/group_one_start/group_two_start">
        <input ref="/data/group_one_start/group_two_start/BR1">
          <label ref="jr:itext('/data/group_one_start/group_two_start/BR1:label')"/>
        </input>
        <input ref="/data/group_one_start/group_two_start/BR2">
          <label ref="jr:itext('/data/group_one_start/group_two_start/BR2:label')"/>
        </input>
        <input ref="/data/group_one_start/group_two_start/BR3">
          <label ref="jr:itext('/data/group_one_start/group_two_start/BR3:label')"/>
        </input>
        <input ref="/data/group_one_start/group_two_start/BR4a">
          <label ref="jr:itext('/data/group_one_start/group_two_start/BR4a:label')"/>
        </input>
        <input ref="/data/group_one_start/group_two_start/BR4b">
          <label ref="jr:itext('/data/group_one_start/group_two_start/BR4b:label')"/>
        </input>
      </group>
    </group>
  </h:body>
</h:html>
