<SynchTable>
    <tableType/>
    <tableName/>
    <primaryKey/>
    <columns columnName="centerId" pmtTag="pmt.a_id" sqlType="VARCHAR(64)"/>
    <columns columnName="centerName" pmtTag="pmt.a_name" sqlType="VARCHAR(64)"/>
    <columns columnName="created" pmtTag="pmt.a1" sqlType="BIGINT"/>
    <columns columnName="centerType" pmtTag="pmt.a10" sqlType="VARCHAR(64)"/>
    <columns columnName="regionCode" pmtTag="pmt.a2a" sqlType="VARCHAR(64)"/>
    <columns columnName="regionName" pmtTag="pmt.a2b" sqlType="VARCHAR(64)"/>
    <columns columnName="districtCode" pmtTag="pmt.a3a" sqlType="VARCHAR(64)"/>
    <columns columnName="districtName" pmtTag="pmt.a3b" sqlType="VARCHAR(64)"/>
    <columns columnName="constituencyCode" pmtTag="pmt.a4a" sqlType="VARCHAR(64)"/>
    <columns columnName="constituencyName" pmtTag="pmt.a4b" sqlType="VARCHAR(64)"/>
    <columns columnName="wardCode" pmtTag="pmt.a5a" sqlType="VARCHAR(64)"/>
    <columns columnName="wardName" pmtTag="pmt.a5b" sqlType="VARCHAR(64)"/>
    <columns columnName="villageMtaaCode" pmtTag="pmt.a6a" sqlType="VARCHAR(64)"/>
    <columns columnName="villageMtaaName" pmtTag="pmt.a6b" sqlType="VARCHAR(64)"/>
    <updStmt/>
    <insStmt/>
</SynchTable>