<SynchTable>
    <tableType/>
    <tableName/>
    <primaryKey/>
      <columns columnName="nextOfKin" pmtTag="pmt.n_o_k" sqlType="VARCHAR(128)"/>
    <columns columnName="nextOfKinPhone" pmtTag="pmt.n_o_k_phone" sqlType="VARCHAR(64)"/>
    <columns columnName="nationality" pmtTag="pmt.nationality" sqlType="VARCHAR(64)"/>
    <columns columnName="nationalitycode" pmtTag="pmt.nationalitycode" sqlType="VARCHAR(32)"/>
    <columns columnName="occupationcode" pmtTag="pmt.occupationcode" sqlType="VARCHAR(32)"/>
    <columns columnName="taxID" pmtTag="pmt.tin" sqlType="VARCHAR(64)"/>
    <columns columnName="operator_lastdate" pmtTag="pmt.p_exop_lastdate" sqlType="BIGINT"/>
    <columns columnName="operator_role" pmtTag="pmt.p_exop_role" sqlType="VARCHAR(64)"/>
    <columns columnName="operator_status" pmtTag="pmt.p_exop_status" sqlType="VARCHAR(32)"/>
    <columns columnName="operator_userid" pmtTag="pmt.p_exop_userid" sqlType="VARCHAR(64)"/>
    <columns columnName="payLastStationId" pmtTag="pmt.l_pay_stationid" sqlType="VARCHAR(64)"/>
    <columns columnName="payLastOfficerId" pmtTag="pmt.l_pay_officerid" sqlType="VARCHAR(64)"/>
    <columns columnName="payLastTypeDetail" pmtTag="pmt.l_pay_type_detail" sqlType="VARCHAR(128)"/>
    <columns columnName="payLastProvider" pmtTag="pmt.l_pay_provider" sqlType="VARCHAR(32)"/>
    <columns columnName="payLastType" pmtTag="pmt.l_pay_type" sqlType="VARCHAR(32)"/>
    <columns columnName="payLastAmount" pmtTag="pmt.l_pay_amount" sqlType="INTEGER"/>
    <columns columnName="payLastMobile" pmtTag="pmt.l_pay_mobile" sqlType="VARCHAR(64)"/>
    <columns columnName="payLastDate" pmtTag="pmt.l_pay_date" sqlType="BIGINT"/>
    <columns columnName="payLastRef" pmtTag="pmt.l_pay_ref" sqlType="VARCHAR(64)"/>
    <columns columnName="payLastTrans" pmtTag="pmt.l_pay_trans" sqlType="VARCHAR(64)"/>
    <columns columnName="payFirstStationId" pmtTag="pmt.p_pay_stationid" sqlType="VARCHAR(64)"/>
    <columns columnName="payFirstOfficerId" pmtTag="pmt.p_pay_officerid" sqlType="VARCHAR(64)"/>
    <columns columnName="payFirstTypeDetail" pmtTag="pmt.p_pay_type_detail" sqlType="VARCHAR(128)"/>
    <columns columnName="payFirstProvider" pmtTag="pmt.p_pay_provider" sqlType="VARCHAR(32)"/>
    <columns columnName="payFirstType" pmtTag="pmt.p_pay_type" sqlType="VARCHAR(32)"/>
    <columns columnName="payFirstAmount" pmtTag="pmt.p_pay_amount" sqlType="INTEGER"/>
    <columns columnName="payFirstMobile" pmtTag="pmt.p_pay_mobile" sqlType="VARCHAR(64)"/>
    <columns columnName="payFirstDate" pmtTag="pmt.p_pay_date" sqlType="BIGINT"/>
    <columns columnName="payFirstRef" pmtTag="pmt.p_pay_ref" sqlType="VARCHAR(64)"/>
    <columns columnName="payFirstTrans" pmtTag="pmt.p_pay_trans" sqlType="VARCHAR(64)"/>
    <updStmt/>
    <insStmt/>
</SynchTable>