<model><instance>
        <data xmlns:jr="http://openrosa.org/javarosa" xmlns:odk="http://www.opendatakit.org/xforms" xmlns:orx="http://openrosa.org/xforms" id="adjudication_info">
          <group_one_start>
            <group_two_start>
              <BA1/>
              <BA2/>
              <BA3/>
              <BA4/>
              <BA5/>
              <BA6/>
              <BA7/>
            </group_two_start>
          </group_one_start>
          <meta>
            <instanceID/>
            <instanceName/>
          </meta>
        </data>
      </instance></model>