<model><instance>
        <data xmlns:jr="http://openrosa.org/javarosa" xmlns:odk="http://www.opendatakit.org/xforms" xmlns:orx="http://openrosa.org/xforms" id="transaction_info">
          <group_one_start>
            <group_two_start>
              <BL1/>
              <BL2/>
              <BL3/>
              <BL4a/>
              <BL4b/>
            </group_two_start>
          </group_one_start>
          <meta>
            <instanceID/>
            <instanceName/>
          </meta>
        </data>
      </instance></model>