<model><instance>
        <data xmlns:jr="http://openrosa.org/javarosa" xmlns:odk="http://www.opendatakit.org/xforms" xmlns:orx="http://openrosa.org/xforms" id="member_registration_info">
          <group_one_start>
            <group_two_start>
              <SURNAME/>
              <FIRSTNAMES/>
              <GENDER/>
              <DATE_OF_BIRTH/>
              <CLIENT_STATUS/>
              <NATIONALITY/>
              <COUNTRYOFBIRTH/>
              <PLACE_OF_BIRTH/>
              <HEIGHT/>
              <OCCUPATION/>
              <MARITAL_STATUS/>
              <SPOUSENAME/>
            </group_two_start>
            <group_three_start>
              <FATHERSNAME_FIRST/>
              <FATHERSNAME/>
              <FATHERSNAME_BIRTHDATE/>
              <FATHERSNAME_BIRTHPLACE/>
              <MOTHERSNAME_FIRST/>
              <MOTHERSNAME/>
              <MOTHERSNAME_BIRTHDATE/>
              <MOTHERSNAME_BIRTHPLACE/>
              <TUTORSNAME_FIRST/>
              <TUTORSNAME/>
              <TUTORSNAME_BIRTHDATE/>
              <TUTORSNAME_BIRTHPLACE/>
              <DISABILITY/>
            </group_three_start>
            <group_four_start>
              <BCT1/>
              <BCT2/>
            </group_four_start>
            <group_five_start>
              <BADRPC2/>
              <BADRCC2/>
              <BADRADR2/>
              <BADRDET2/>
              <BADRPC4/>
              <BADRADR4/>
              <BADRDET4/>
            </group_five_start>
          </group_one_start>
          <meta>
            <instanceID/>
            <instanceName/>
          </meta>
        </data>
      </instance></model>