<model><instance>
        <data xmlns:jr="http://openrosa.org/javarosa" xmlns:odk="http://www.opendatakit.org/xforms" xmlns:orx="http://openrosa.org/xforms" id="necto_official_info">
          <group_one_start>
            <group_two_start>
              <SURNAME/>
              <FIRSTNAMES/>
              <GENDER/>
              <ASSIGNED_GROUP/>
              <BCT1/>
              <BCT2/>
              <EXOP_USERID/>
              <EXOP_ROLE/>
              <EXOP_STATUS/>
              <EXOP_ENTRYDATE/>
              <EXOP_EXITDATE/>
              <EXOP_LASTDATE/>
              <EXOP_PW_default/>
              <EXOP_CREATEDBY/>
              <EXOP_LASTCHANGEDBY/>
            </group_two_start>
          </group_one_start>
          <meta>
            <instanceID/>
            <instanceName/>
          </meta>
        </data>
      </instance></model>