<model><instance>
        <data xmlns:jr="http://openrosa.org/javarosa" xmlns:odk="http://www.opendatakit.org/xforms" xmlns:orx="http://openrosa.org/xforms" id="necto_official_info_edit">
          <group_one_start>
            <group_two_start>
              <EXOP_STATUS/>
              <EXOP_USERID/>
              <EXOP_ENTRYDATE/>
              <EXOP_EXITDATE/>
              <EXOP_LASTDATE/>
              <EXOP_ROLE/>
              <EXOP_CREATEDBY/>
              <EXOP_LASTCHANGEDBY/>
              <topic>EXOP</topic>
            </group_two_start>
          </group_one_start>
          <meta>
            <instanceID/>
            <instanceName/>
          </meta>
        </data>
      </instance></model>