<model><instance>
        <data xmlns:jr="http://openrosa.org/javarosa" xmlns:odk="http://www.opendatakit.org/xforms" xmlns:orx="http://openrosa.org/xforms" id="registration_info">
          <group_one_start>
            <group_two_start>
              <BR1/>
              <BR2/>
              <BR3/>
              <BR4a/>
              <BR4b/>
            </group_two_start>
          </group_one_start>
          <meta>
            <instanceID/>
            <instanceName/>
          </meta>
        </data>
      </instance></model>