<model><instance>
        <data xmlns:jr="http://openrosa.org/javarosa" xmlns:odk="http://www.opendatakit.org/xforms" xmlns:orx="http://openrosa.org/xforms" id="registration_station">
          <group_one_start>
            <group_two_start>
              <UUID/>
              <A_ID/>
              <A_NAME/>
              <A1/>
              <A2A/>
              <A2B/>
              <A3A/>
              <A3B/>
              <A4A/>
              <A4B/>
              <A10/>
              <A11/>
            </group_two_start>
          </group_one_start>
          <meta>
            <instanceID/>
            <instanceName/>
          </meta>
        </data>
      </instance></model>