<SynchTable>
    <tableType>BIOGRAPHIC</tableType>
    <tableName>Members</tableName>
    <primaryKey columnName="gkID" pmtTag="pmt.uuid" sqlType="VARCHAR(64)"/>
    <columns columnName="public_person_id" pmtTag="pmt.public_person_id" sqlType="VARCHAR(64)"/>
    <columns columnName="firstnames" pmtTag="pmt.firstnames" sqlType="VARCHAR(64)"/>
    <columns columnName="surname" pmtTag="pmt.surname" sqlType="VARCHAR(64)"/>
    <columns columnName="gender" pmtTag="pmt.gender" sqlType="VARCHAR(16)"/>
    <columns columnName="other_names_1" pmtTag="pmt.other_names_1" sqlType="VARCHAR(64)"/>
    <columns columnName="date_of_birth" pmtTag="pmt.date_of_birth" sqlType="BIGINT"/>
    <columns columnName="date_of_birth_known" pmtTag="pmt.date_of_birth_known" sqlType="INTEGER"/>
    <columns columnName="original_id" pmtTag="pmt.legacy_person_id" sqlType="VARCHAR(64)"/>
    <columns columnName="regDate" pmtTag="pmt.br1" sqlType="BIGINT"/>
    <columns columnName="lastTransDate" pmtTag="pmt.bl1" sqlType="BIGINT"/>
    <columns columnName="age_reg" pmtTag="pmt.ageatregistration" sqlType="INTEGER"/>
    <columns columnName="assigned_group" pmtTag="pmt.assigned_group" sqlType="VARCHAR(64)"/>
    <columns columnName="member_type" pmtTag="pmt.b4" sqlType="VARCHAR(64)"/>
    <columns columnName="adjStatus" pmtTag="pmt.ba1" sqlType="VARCHAR(64)"/>
    <columns columnName="adjProcessStatus" pmtTag="pmt.ba2" sqlType="VARCHAR(64)"/>
    <columns columnName="adjDateEntered" pmtTag="pmt.ba3" sqlType="BIGINT"/>
    <columns columnName="adjDateDuplicated" pmtTag="pmt.ba4" sqlType="BIGINT"/>
    <columns columnName="adjLastDateDuplicated" pmtTag="pmt.ba5" sqlType="BIGINT"/>
    <columns columnName="adjErrorCode" pmtTag="pmt.ba6" sqlType="VARCHAR(64)"/>
    <columns columnName="adrBusiness" pmtTag="pmt.badradr1" sqlType="VARCHAR(64)"/>
    <columns columnName="adrResidential" pmtTag="pmt.badradr2" sqlType="VARCHAR(64)"/>
    <columns columnName="adrResidentialOther" pmtTag="pmt.badradr3" sqlType="VARCHAR(64)"/>
    <columns columnName="adrPostal" pmtTag="pmt.badradr4" sqlType="VARCHAR(64)"/>
    <columns columnName="adrPostalOther" pmtTag="pmt.badradr5" sqlType="VARCHAR(64)"/>
    <columns columnName="adrBusinessCC" pmtTag="pmt.badrcc1" sqlType="VARCHAR(64)"/>
    <columns columnName="adrResidentialCC" pmtTag="pmt.badrcc2" sqlType="VARCHAR(64)"/>
    <columns columnName="adrResidentialOtherCC" pmtTag="pmt.badrcc3" sqlType="VARCHAR(64)"/>
    <columns columnName="adrPostalCC" pmtTag="pmt.badrcc4" sqlType="VARCHAR(64)"/>
    <columns columnName="adrPostalOtherCC" pmtTag="pmt.badrcc5" sqlType="VARCHAR(64)"/>
    <columns columnName="adrBusinessDetail" pmtTag="pmt.badrdet1" sqlType="VARCHAR(64)"/>
    <columns columnName="adrResidentialDetail" pmtTag="pmt.badrdet2" sqlType="VARCHAR(64)"/>
    <columns columnName="adrResidentialOtherDetail" pmtTag="pmt.badrdet3" sqlType="VARCHAR(64)"/>
    <columns columnName="adrPostalDetail" pmtTag="pmt.badrdet4" sqlType="VARCHAR(64)"/>
    <columns columnName="adrPostalOtherDetail" pmtTag="pmt.badrdet5" sqlType="VARCHAR(64)"/>
    <columns columnName="adrBusinessPC" pmtTag="pmt.badrpc1" sqlType="VARCHAR(64)"/>
    <columns columnName="adrResidentialPC" pmtTag="pmt.badrpc2" sqlType="VARCHAR(64) "/>
    <columns columnName="adrResidentialOtherPC" pmtTag="pmt.badrpc3" sqlType="VARCHAR(64)"/>
    <columns columnName="adrPostalPC" pmtTag="pmt.badrpc4" sqlType="VARCHAR(64)"/>
    <columns columnName="adrPostalOtherPC" pmtTag="pmt.badrpc5" sqlType="VARCHAR(64)"/>
    <columns columnName="ctcEmail" pmtTag="pmt.bct1" sqlType="VARCHAR(64)"/>
    <columns columnName="ctcPhone1" pmtTag="pmt.bct2" sqlType="VARCHAR(64)"/>
    <columns columnName="ctcPhone2" pmtTag="pmt.bct3" sqlType="VARCHAR(64)"/>
    <columns columnName="ctcPhone3" pmtTag="pmt.bct4" sqlType="VARCHAR(64)"/>
    <columns columnName="ctcMobile1" pmtTag="pmt.bct5" sqlType="VARCHAR(64)"/>
    <columns columnName="ctcMobile2" pmtTag="pmt.bct6" sqlType="VARCHAR(64)"/>
    <columns columnName="ctcMobile3" pmtTag="pmt.bct7" sqlType="VARCHAR(64)"/>
    <columns columnName="ctcMailbox" pmtTag="pmt.bct8" sqlType="VARCHAR(64)"/>
    <columns columnName="ctcOther" pmtTag="pmt.bct9" sqlType="VARCHAR(64)"/>
    <columns columnName="personStatus" pmtTag="pmt.be1" sqlType="VARCHAR(32)"/>
    <columns columnName="personStatusSince" pmtTag="pmt.be2" sqlType="BIGINT"/>
    <columns columnName="idNational" pmtTag="pmt.bid1" sqlType="VARCHAR(64)"/>
    <columns columnName="idInsurance" pmtTag="pmt.bid10" sqlType="VARCHAR(64)"/>
    <columns columnName="idAlien" pmtTag="pmt.bid11" sqlType="VARCHAR(64)"/>
    <columns columnName="idPassport" pmtTag="pmt.bid2" sqlType="VARCHAR(64)"/>
    <columns columnName="idCivilService" pmtTag="pmt.bid3" sqlType="VARCHAR(64)"/>
    <columns columnName="idBirthCert" pmtTag="pmt.bid4" sqlType="VARCHAR(64)"/>
    <columns columnName="idBirthNotCard" pmtTag="pmt.bid5" sqlType="VARCHAR(64)"/>
    <columns columnName="idDriverLicense" pmtTag="pmt.bid6" sqlType="VARCHAR(64)"/>
    <columns columnName="idStudentId" pmtTag="pmt.bid7" sqlType="VARCHAR(64)"/>
    <columns columnName="idSocSecurity" pmtTag="pmt.bid8" sqlType="VARCHAR(64)"/>
    <columns columnName="idVoter" pmtTag="pmt.bid9" sqlType="VARCHAR(64)"/>
    <columns columnName="idOther" pmtTag="pmt.bid99" sqlType="VARCHAR(64)"/>
    <columns columnName="lastTransCenter" pmtTag="pmt.bl2" sqlType="VARCHAR(64)"/>
    <columns columnName="lastTransStation" pmtTag="pmt.bl3" sqlType="VARCHAR(64)"/>
    <columns columnName="lastTransOfficerID" pmtTag="pmt.bl4a" sqlType="VARCHAR(64)"/>
    <columns columnName="lastTransOfficerName" pmtTag="pmt.bl4b" sqlType="VARCHAR(64)"/>
    <columns columnName="regCenter" pmtTag="pmt.br2" sqlType="VARCHAR(64)"/>
    <columns columnName="regStation" pmtTag="pmt.br3" sqlType="VARCHAR(64)"/>
    <columns columnName="regOfficerID" pmtTag="pmt.br4a" sqlType="VARCHAR(64)"/>
    <columns columnName="regOfficerName" pmtTag="pmt.br4b" sqlType="VARCHAR(64)"/>
    <columns columnName="countryofbirth" pmtTag="pmt.countryofbirth" sqlType="VARCHAR(32)"/>
    <columns columnName="incomplete" pmtTag="pmt.incomplete" sqlType="INTEGER"/>
    <updStmt/>
    <insStmt/>
</SynchTable>