<?xml version="1.0" encoding="UTF-8"?>
<definitions xmlns:activiti="http://activiti.org/bpmn" xmlns="http://www.omg.org/spec/BPMN/20100524/MODEL" xmlns:omgdc="http://www.omg.org/spec/DD/20100524/DC"
             xmlns:omgdi="http://www.omg.org/spec/DD/20100524/DI" xmlns:signavio="http://www.signavio.com" xmlns:xsi="http://www.w3.org/2001/XMLSchema-instance"
             exporter="Signavio Process Editor, http://www.signavio.com" exporterVersion="" id="sid-c2f7dc08-c9d6-4a22-b608-b34fdb42b3bd"
             targetNamespace="http://www.signavio.com/bpmn20" xsi:schemaLocation="http://www.omg.org/spec/BPMN/20100524/MODEL http://www.omg.org/spec/BPMN/2.0/20100501/BPMN20.xsd">

    <!-- 
        adjudicationreviewCR = Adjudication Review Complete Re-enrollment
        Implementation - After first review, if BIOGRAPHICS&&FACIAL == SAME||SIMILAR, 
        and Final Decision is CONFIRMED, then case will auto complete and not go through any other further review.
        This is extremely useful in situations where people tend to re-enroll fully (Biographics + Biometrics) instead of updating their details only
    -->
    <process name="adjudicationreviewCR" id="adjudicationreviewCR" isExecutable="true">
        <startEvent id="theStart" />
        
        <sequenceFlow id="stepBegin" sourceRef="theStart" targetRef="firstReview" />
        
        <serviceTask id="firstReview"
                     name="Java service invocation first Review"
                     activiti:expression="${primaryTaskReview.prepare(execution)}">          
        </serviceTask>
        
        <sequenceFlow id="step1a" sourceRef="firstReview" targetRef="firstReviewTask" />
        <sequenceFlow id="step1b" sourceRef="firstReviewTask" targetRef="fork1" />
                
        <userTask id="firstReviewTask" name="Review Adjudication Step 1" >
            <documentation>
                Review a duplicate report from ABIS - depending on the outcome of prepareTask assigned to a specific group
            </documentation>
            <extensionElements>
                <activiti:taskListener event="create" class="com.genkey.gkadjudication.service.workflow.serviceTasks.TaskAssignmentListener" />
            </extensionElements>
        </userTask>
        
        <inclusiveGateway id="fork1" />     
        <sequenceFlow id="firstTaskDone" sourceRef="fork1" targetRef="recordCurrentDecision" >
            <conditionExpression xsi:type="tFormalExpression">${currentStepCompleted == true}</conditionExpression>
        </sequenceFlow>
        <sequenceFlow id="firstTaskNotDone" sourceRef="fork1" targetRef="firstReviewTask" >
            <conditionExpression xsi:type="tFormalExpression">${currentStepCompleted == false}</conditionExpression>
        </sequenceFlow>

        <serviceTask id="recordCurrentDecision"
                     name="Java service invocation recordCurrentDecision"
                     activiti:expression="${recordCurrentDecision.prepareTask(execution)}">          
        </serviceTask>

        <sequenceFlow id="steprecord" sourceRef="recordCurrentDecision" targetRef="fork-1-contested" />

        <inclusiveGateway id="fork-1-contested" />     
        <sequenceFlow id="firstDidContest" sourceRef="fork-1-contested" targetRef="secondReview" >
            <conditionExpression xsi:type="tFormalExpression">${dupContested == true}</conditionExpression>
        </sequenceFlow>
        <sequenceFlow id="firstDidConfirm" sourceRef="fork-1-contested" targetRef="fork-1-reenrollcase" >
            <conditionExpression xsi:type="tFormalExpression">${dupContested == false}</conditionExpression>
        </sequenceFlow>

        <inclusiveGateway id="fork-1-reenrollcase" />     
        <sequenceFlow id="isBioSimilar" sourceRef="fork-1-reenrollcase" targetRef="finishReEnrollCase" >
            <conditionExpression xsi:type="tFormalExpression">${biographicsSimilar == true}</conditionExpression>
        </sequenceFlow>
        <sequenceFlow id="isNotReEnroll" sourceRef="fork-1-reenrollcase" targetRef="confirmedSecondReview" >
            <conditionExpression xsi:type="tFormalExpression">${biographicsSimilar == false}</conditionExpression>
        </sequenceFlow>

        <serviceTask id="finishReEnrollCase"
                     name="Java service invocation to finish Review"
                     activiti:expression="${finishReenrollment.prepare(execution)}">          
        </serviceTask>

        <sequenceFlow id="finish-reenroll" sourceRef="finishReEnrollCase" targetRef="theEnd" >
        </sequenceFlow>
   
        <serviceTask id="secondReview"
                     name="Java service invocation second Review"
                     activiti:expression="${secondaryTaskReview.prepare(execution)}">          
        </serviceTask>
        
        <serviceTask id="confirmedSecondReview"
                     name="Java service invocation second Review"
                     activiti:expression="${confirmedSecondaryTaskReview.prepare(execution)}">          
        </serviceTask>

        <sequenceFlow id="step2a" sourceRef="secondReview" targetRef="secondaryReviewTask" />
        <sequenceFlow id="step3a" sourceRef="confirmedSecondReview" targetRef="confirmedSecondaryReviewTask" />
        
        <userTask id="secondaryReviewTask" name="Review Adjudication Step 2" >
            <documentation>
                Review a duplicate report from ABIS - depending on the outcome of prepareTask assigned to a specific group
            </documentation>
            <extensionElements>
                <activiti:taskListener event="create" class="com.genkey.gkadjudication.service.workflow.serviceTasks.TaskAssignmentListener" />
            </extensionElements>
        </userTask>
        
        <userTask id="confirmedSecondaryReviewTask" name="Review Adjudication Step 2" >
            <documentation>
                Review a duplicate report from ABIS - depending on the outcome of prepareTask assigned to a specific group
            </documentation>
            <extensionElements>
                <activiti:taskListener event="create" class="com.genkey.gkadjudication.service.workflow.serviceTasks.TaskAssignmentListener" />
            </extensionElements>
        </userTask>
                                
        <sequenceFlow id="step2b" sourceRef="secondaryReviewTask" targetRef="fork2" />
        <sequenceFlow id="step3b" sourceRef="confirmedSecondaryReviewTask" targetRef="fork3" />
        
        <inclusiveGateway id="fork2" />     
        <sequenceFlow id="secondTaskDone" sourceRef="fork2" targetRef="recordCurrentDecision2" >
            <conditionExpression xsi:type="tFormalExpression">${currentStepCompleted == true}</conditionExpression>
        </sequenceFlow>
        <sequenceFlow id="secondTaskNotDone" sourceRef="fork2" targetRef="secondaryReviewTask" >
            <conditionExpression xsi:type="tFormalExpression">${currentStepCompleted == false}</conditionExpression>
        </sequenceFlow>
        
        <inclusiveGateway id="fork3" />     
        <sequenceFlow id="secondConfirmedTaskDone" sourceRef="fork3" targetRef="recordCurrentDecision3" >
            <conditionExpression xsi:type="tFormalExpression">${currentStepCompleted == true}</conditionExpression>
        </sequenceFlow>
        <sequenceFlow id="secondConfirmedTaskNotDone" sourceRef="fork3" targetRef="confirmedSecondaryReviewTask" >
            <conditionExpression xsi:type="tFormalExpression">${currentStepCompleted == false}</conditionExpression>
        </sequenceFlow>

        <serviceTask id="recordCurrentDecision2"
                     name="Java service invocation recordCurrentDecision"
                     activiti:expression="${recordCurrentDecision.prepareTask(execution)}">          
        </serviceTask>
        
        <serviceTask id="recordCurrentDecision3"
                     name="Java service invocation recordCurrentDecision"
                     activiti:expression="${recordCurrentDecision.prepareTask(execution)}">          
        </serviceTask>

        <sequenceFlow id="steprecord2" sourceRef="recordCurrentDecision2" targetRef="finalReview" />
        <sequenceFlow id="steprecord3" sourceRef="recordCurrentDecision3" targetRef="fork-3-contested" /> 
        
        <inclusiveGateway id="fork-3-contested" />     
        <sequenceFlow id="firstDidConfirmSecondDidContest2" sourceRef="fork-3-contested" targetRef="finalReview" >
            <conditionExpression xsi:type="tFormalExpression">${dupContested == true}</conditionExpression>
        </sequenceFlow>
        <sequenceFlow id="firstDidConfirmSecondDidConfirm2" sourceRef="fork-3-contested" targetRef="finalSave" >
            <conditionExpression xsi:type="tFormalExpression">${dupContested == false}</conditionExpression>
        </sequenceFlow>   

        <serviceTask id="finalReview"
                     name="Java service invocation final Review"
                     activiti:expression="${finalTaskReview.prepare(execution)}">          
        </serviceTask>
        <sequenceFlow id="step4a" sourceRef="finalReview" targetRef="finalReviewTask" />
     
        <userTask id="finalReviewTask" name="Review Adjudication Step Final" >
            <documentation>
                Review a duplicate report from ABIS - depending on the outcome of prepareTask assigned to a specific group
            </documentation>
            <extensionElements>
                <activiti:taskListener event="create" class="com.genkey.gkadjudication.service.workflow.serviceTasks.TaskAssignmentListener" />
            </extensionElements>
        </userTask>
        <sequenceFlow id="step4b" sourceRef="finalReviewTask" targetRef="forkEnd" />
        <inclusiveGateway id="forkEnd" />     
        <sequenceFlow id="finalTaskDone" sourceRef="forkEnd" targetRef="finalSave" >
            <conditionExpression xsi:type="tFormalExpression">${currentStepCompleted == true}</conditionExpression>
        </sequenceFlow>
        <sequenceFlow id="finalTaskNotDone" sourceRef="forkEnd" targetRef="finalReviewTask" >
            <conditionExpression xsi:type="tFormalExpression">${currentStepCompleted == false}</conditionExpression>
        </sequenceFlow>        
        
        <serviceTask id="finalSave"
                     name="Java service invocation1"
                     activiti:expression="${finalSave.prepare(execution)}">          
        </serviceTask>
        <sequenceFlow id="step4c" sourceRef="finalSave" targetRef="theEnd" />
        
        <endEvent id="theEnd" />

    </process>
    
</definitions>
