<?xml version="1.0" encoding="UTF-8" standalone="yes"?>
<AnalysisFields version="20230214">
    <RowColumn>
        <field>
            <code>GENDER</code>
        </field>
        <field>
            <code>MARITAL_STATUS</code>
        </field>
        <field>
            <code>BA1</code>
        </field>
        <field>
            <code>BA2</code>
        </field>
        <field>
            <code>BE1</code>
        </field>
        <field>
            <code>BR1</code>
        </field>
        <field>
            <code>BR2</code>
            <!--<isRaw>true</isRaw>-->
        </field>
        <field>
            <code>BR3</code>
            <!--<isRaw>true</isRaw>-->
        </field>
        <field>
            <code>BR4b</code>
            <!--<isRaw>true</isRaw>-->
        </field>
        <field>
            <code>BADRADR2</code>
        </field>        
    </RowColumn>
    <filters>
        <field>
            <code>GENDER</code>
        </field>
        <field>
            <code>MARITAL_STATUS</code>
        </field>
        <field>
            <code>BA1</code>
        </field>
        <field>
            <code>BA2</code>
        </field>
        <field>
            <code>BE1</code>
        </field>
        <field>
            <code>BR1</code>
        </field>
        <field>
            <code>BR2</code>
        </field>
        <field>
            <code>BR3</code>
        </field>
        <field>
            <code>BR4b</code>
        </field>
        <field>
            <code>BADRADR2</code>
        </field>
    </filters>
    <aggregates>
        <field>
            <code>GENDER</code>
            <aggType>count</aggType>
        </field>
        <field>
            <code>BA1</code>
			<!-- default aggType is count -->
        </field>
        <field>
            <code>BE1</code>
        </field>
        <!-- <field>
            <code>AGEATREGISTRATION</code>
            <aggType>average</aggType>
        </field> -->
    </aggregates>
</AnalysisFields>
