key_;tag;ext_mapping;comment_;isdefault;preforder;en;fr;de;sw;es;pt
____;Nationality;____;Header;f;9999;Nationality;Nationalité;Nationalität;UtaifaNacionalidad;Nacionalidade;
AFG;Afghanistan;AF;;f;0;Afghani;Afghane;Afghanisch;Afghanistan;Afganistán;Afeganistão
AGO;Angola;AO;;f;0;Angolan;Angolaise;Angolanisch;Angola;angola;Angola
ALB;Albania;AL;;f;0;Albanian;Albanaise;albanisch;Albania;Albania;Albânia
AND;AndorrA;AD;;f;0;Andorran;Andorrane;Andorran;Andora;Andorra;Andorra
ARE;United Arab Emirates;AE;;f;0;From the United Arab Emirates;Des Émirats Arabes Unis;Aus den Vereinigten Arabischen Emiraten;Umoja wa Falme za Kiarabu;Emiratos Árabes Unidos;Emirados Árabes Unidos
ARG;Argentina;AR;;f;0;Argentina;Argentine;Argentinien;Argentina;Argentina;Argentina
ARM;Armenia;AM;;f;0;Armenian;Arménienne;Armenisch;Armenia;Armenia;Armênia
ATF;French Southern Territories;TF;;f;0;From French Southern Territories;De Terres australes françaises;Aus Südfranzösische Territorien;Kutoka Wilaya za Kusini mwa Ufaransa;De Territorios Franceses del Sur;Da Territórios do Sul da França
ATG;Antigua and Barbuda;AG;;f;0;D Antigua and Barbuda;D Antigua-Et-Barbuda;D Antigua und Barbuda;Antigua na Barbuda;Antigua y Barbuda;Antígua e Barbuda
AUS;Australia;AU;;f;0;Australian;Australienne;australisch;Australia;Australia;Austrália
AUT;Austria;AT;;f;0;Austrian;Autrichienne;österreichisch;Austria;Austria;Áustria
AZE;Azerbaijan;AZ;;f;0;Azerbaijani;Azerbaïdjanaise;Aserbaidschanisch;Azerbaijan;Azerbaiyán;Azerbaijão
BDI;Burundi;BI;;f;0;Burundian;Burundaise;Burundisch;Burundi;Burundi;Burundi
BEL;Belgium;BE;;f;0;Belgian;Belge;Belgier;Ubelgiji;Bélgica;Bélgica
BEN;Benin;BJ;;f;0;Beninese;Béninoise;Beninisch;Bora;Benigno;Benigno
BFA;Burkina Faso;BF;;f;0;Burkinabe;Burkinabè;Burkinabee;Burkina Faso;Burkina Faso;Burkina Faso
BGD;Bangladesh;BD;;f;0;Bangladeshi;Bangladaise;Bangladesch;Bangladeshi;bangladesí;Bangladesh
BGR;Bulgaria;BG;;f;0;Bulgarian;Bulgare;bulgarisch;Bulgaria;Bulgaria;Bulgária
BHR;Bahrain;BH;;f;0;Bahraini;Bahreïnienne;Bahrain;Bahrain;Baréin;Bahrein
BHS;Bahamas;BS;;f;0;Bahamian;Bahamienne;Bahamas;Bahama;bahameño;bahamense
BIH;Bosnia and Herzegovina;BA;;f;0;From Bosnia and Herzegovina;De Bosnie-Et-Herzégovine;Aus Bosnien und Herzegowina;Bosnia na Herzegovina;Bosnia y Herzegovina;Bósnia e Herzegovina
BLR;Belarus;BY;;f;0;Belarusian;Biélorusse;Belarussisch;Belarus;Bielorrusia;Bielorrússia
BLZ;Belize;BZ;;f;0;Belizean;Bélizienne;Belize;Belize;Belice;Belize
BOL;Bolivia;BO;;f;0;Bolivian;Bolivienne;bolivianisch;Bolivia;Bolivia;Bolívia
BRA;Brazil;BR;;f;0;Brazilian;Brésilienne;Brasilianisch;Brazili;Brasil;Brasil
BRB;Barbados;BB;;f;0;Barbadian;Barbadienne;Barbados;Barbados;barbados;Barbados
BRN;Brunei Darussalam;BN;;f;0;From Brunei;Du Brunei;Aus Brunei;Brunei Darussalam;Brunei Darussalam;Brunei Darussalam
BTN;Bhutan;BT;;f;0;Bhutanese;Bhoutanaise;Bhutan;Bhutan;Bután;Butão
BWA;Botswana;BW;;f;0;Batswana;Botswanaise;Batswana;Botswana;Botsuana;Botsuana
CAF;Central African Republic;CF;;f;0;Central African;Centrafricaine;Zentralafrikanisch;Jamhuri ya Afrika ya Kati;Republica Centro Africana;República Centro-Africana
CAN;Canada;CA;;f;0;Canadian;Canadienne;kanadisch;Kanada;Canadá;Canadá
CHE;Switzerland;CH;;f;0;Swiss;Suisse;schweizerisch;Uswisi;suizo;suíço
CHL;Chile;CL;;f;0;Chilean;Chilienne;chilenisch;Chile;Chile;Chile
CHN;China;CN;;f;0;Chinese;Chinoise;Chinesisch;China;Porcelana;China
CIV;Ivory Coast;CI;;f;0;Ivorian;Ivoirienne;Elfenbein;Ivory Coast;Costa de Marfil;Costa do Marfim
CMR;Cameroon;CM;;f;0;Cameroonian;Camerounaise;Kamerunisch;Kamerun;Camerún;Camarões
COD;Democratic Republic of Congo;CD;;f;0;Congolese;Congolaise;Kongolese;Jamhuri ya Kidemokrasia ya Kongo;República Democrática del Congo;República Democrática do Congo
COG;Congo;CG;;f;0;Congolese;Congolaise;Kongolese;kongo;congo;Congo
COK;Cook (Islands);CK;;f;0;Cook Islands;Des Iles Cook;Cookinseln;Cook (Visiwa);Islas Cook);Ilhas Cook)
COL;Colombia;CO;;f;0;Colombian;Colombienne;kolumbianisch;Kolombia;Colombia;Colômbia
COM;Comoros;KM;;f;0;Comorian;Comorienne;Komoren;Komoro;Comoras;Comores
CPV;Cape Verde;CV;;f;0;Cape Verdean;Cap-Verdienne;Kapverdisch;kofia ya kijani;cabo Verde;boné verde
CRI;Costa Rica;CR;;f;0;Costa Rican;Costaricienne;costaricanisch;Kosta Rika;Costa Rica;Costa Rica
CUB;Cuba;CU;;f;0;Cuban;Cubaine;Kubanisch;Kuba;Cuba;Cuba
CYP;Cyprus;CY;;f;0;Cypriot;Chypriote;Zypriotisch;Kupro;Chipre;Chipre
CZE;Czech Republic;CZ;;f;0;Czech;Tchèque;Tschechisch;Jamhuri ya Czech;República Checa;República Checa
DEU;Germany;DE;;f;0;German;Allemande;Deutsch;Ujerumani;Alemania;Alemanha
DJI;Djibouti;DJ;;f;0;Djiboutian;Djiboutienne;Dschibuti;Djibouti;Yibuti;Djibuti
DMA;Dominica;DM;;f;0;Dominican;Dominiquaise;dominikanisch;Dominika;Dominica;Dominica
DNK;Denmark;DK;;f;0;Danish;Danoise;dänisch;Denmark;Dinamarca;Dinamarca
DOM;Dominican Republic;DO;;f;0;Dominican;Dominicaine;dominikanisch;Jamhuri ya Dominika;República Dominicana;República Dominicana
DZA;Algeria;DZ;;f;0;Algerian;Algérienne;algerisch;Algeria;Argelia;Argélia
ECU;Ecuador;EC;;f;0;Ecuadorian;Équatorienne;Ecuadorianisch;Ekuador;Ecuador;Equador
EGY;Egypt;EG;;f;0;Egyptian;Égyptienne;ägyptisch;Misri;Egipto;Egito
ERI;Eritrea;ER;;f;0;Eritrean;Érythréenne;Eritreer;Eritrea;Eritrea;Eritreia
ESP;Spain;ES;;f;0;Spanish;Espagnole;Spanisch;Uhispania;España;Espanha
EST;Estonia;EE;;f;0;Estonian;Estonienne;estnisch;Estonia;Estonia;Estônia
ETH;Ethiopia;ET;;f;0;Ethiopian;Éthiopienne;äthiopisch;Ethiopia;Etiopía;Etiópia
FIN;Finland;FI;;f;0;Finnish;Finlandaise;finnisch;Ufini;Finlandia;Finlândia
FJI;Fiji;FJ;;f;0;Fijian;Fidjienne;Fidschi;Fiji;Fiyi;Fiji
FLK;Falkland Islands (Malvinas);FK;;f;0;From Falkland Islands (Malvinas);De Ilhas Malvinas (Malvinas);Aus Falklandinseln (Malvinas);Kutoka Visiwa vya Falkland (Malvinas);De Islas Malvinas (Malvinas);Da Ilhas Malvinas (Malvinas)
FRA;France;FR;;f;0;French;Française;Französisch;Ufaransa;Francia;França
FSM;Micronesia (Federated States of);FM;;f;0;Micronesian;Micronésienne;Mikronesisch;Mikronesia (Mataifa Shirikisho la);Micronesia (Estados Federados de);Micronésia (Estados Federados da)
GAB;Gabon;GA;;f;0;Gabonese;Gabonaise;Gabun;Gabon;Gabón;Gabão
GBR;United Kingdom;GB;;f;0;British;Britannique;britisch;Uingereza;Reino Unido;Reino Unido
GEO;Georgia;GE;;f;0;Georgian;Géorgienne;georgisch;Georgia;Georgia;Geórgia
GGY;Guernsey;GG;;f;0;From Guernsey;De Guernsey;Aus Guernsey;Kutoka Guernsey;De Guernsey;Da Guernsey
GHA;Ghana;GH;;f;0;Ghanaian;Ghanéenne;ghanaisch;Ghana;Ghana;Gana
GIB;Gibraltar;GI;;f;0;From Gibraltar;De Gibraltar;Aus Gibraltar;Kutoka Gibraltar;De Gibraltar;Da Gibraltar
GIN;Guinea;GN;;f;0;Guinean;Guinéenne;Guineisch;Guinea;Guinea;Guiné
GLP;Guadeloupe;GP;;f;0;From Guadeloupe;De Guadeloupe;Aus Guadeloupe;Kutoka Guadeloupe;De Guadeloupe;Da Guadeloupe
GMB;Gambia;GM;;f;0;Gambian;Gambienne;Gambisch;Gambia;Gambia;Gâmbia
GNB;Guinea-Bissau;GW;;f;0;From Guinea-Bissau;De Guinée-Bissau;Aus Guinea-Bissau;Guinea-Bissau;Guinea-Bisáu;Guiné-Bissau
GNQ;Equatorial Guinea;GQ;;f;0;Equatorial Guinean;Équato-Guinéenne;Äquatorialguinea;Guinea ya Ikweta;Guinea Ecuatorial;Guiné Equatorial
GRC;Greece;GR;;f;0;Greek;Grecque;griechisch;Ugiriki;Grecia;Grécia
GRD;Grenada;GD;;f;0;Grenadine;Grenadine;Grenadine;Grenade;Granada;Granada
GRL;Greenland;GL;;f;0;From Greenland;De Groenland;Aus Grönland;Kutoka Greenland;De Groenlandia;Da Groenlândia
GTM;Guatemala;GT;;f;0;Guatemalan;Guatémaltèque;guatemaltekisch;Guatemala;Guatemala;Guatemala
GUF;French Guiana;GF;;f;0;From French Guiana;De Guyane Française;Aus Französisch-Guayana;Kutoka Guiana ya Ufaransa;De Guayana Francesa;Da Guiana Francesa
GUM;Guam;GU;;f;0;From Guam;De Guam;Aus Guam;Kutoka Guam;De Guam;Da Guam
GUY;Guyana;GY;;f;0;Guyanese;Guyanienne;Guyanesisch;Guyana;Guayana;Guiana
HKG;Hong Kong;HK;;f;0;From Hong Kong;De Hong Kong;Aus Hong Kong;Kutoka Hong Kong;De Hong Kong;Da Hong Kong
HMD;Heard Island and Mcdonald Islands;HM;;f;0;From Heard Island and Mcdonald Islands;De Île Heard et Îles Mcdonald;Aus Heard-Insel und McDonald-Inseln;Kutoka Visiwa vya Heard na Visiwa vya Mcdonald;De Islas Heard e Islas Mcdonald;Da Ilha Heard e Ilhas Mcdonald
HND;Honduras;HN;;f;0;Honduran;Hondurienne;honduranisch;Honduras;Honduras;Honduras
HRV;Croatia;HR;;f;0;Croatian;Croate;kroatisch;Kroatia;Croacia;Croácia
HTI;Haiti;HT;;f;0;Haitian;Haïtienne;haitianisch;Haiti;Haití;Haiti
HUN;Hungary;HU;;f;0;Hungarian;Hongroise;ungarisch;Hungaria;Hungría;Hungria
IDN;Indonesia;ID;;f;0;Indonesian;Indonésienne;Indonesisch;Indonesia;Indonesia;Indonésia
IND;India;IN;;f;0;Indian;Indienne;indisch;India;India;Índia
IRL;Ireland;IE;;f;0;Irish;Irlandaise;irisch;Ireland;Irlanda;Irlanda
IRN;Iran;IR;;f;0;Iranian;Iranienne;iranisch;Iran (Jamhuri ya Kiislamu ya);Irán (República Islámica de);Irã (Republic Islâmica do Irã)
IRQ;Iraq;IQ;;f;0;Iraqi;Iraquienne;irakisch;Iraq;Irak;Iraque
ISL;Iceland;IS;;f;0;Icelandic;Islandaise;isländisch;Iceland;Islandia;Islândia
ISR;Israel;IL;;f;0;Israeli;Israélienne;israelisch;Israeli;Israel;Israel
ITA;Italy;IT;;f;0;Italian;Italienne;Italienisch;Italia;Italia;Itália
JAM;Jamaica;JM;;f;0;Jamaican;Jamaïcaine;jamaikanisch;Jamaika;Jamaica;Jamaica
JOR;Jordan;JO;;f;0;Jordanian;Jordanienne;Jordanisch;Yordani;Jordán;Jordânia
JPN;Japan;JP;;f;0;Japanese;Japonaise;japanisch;Japani;Japón;Japão
KAZ;Kazakhstan;KZ;;f;0;Kazakh;Kazakhe;Kasachisch;Kazakhstan;Kazajistán;Cazaquistão
KEN;Kenya;KE;;f;0;Kenyan;Kényane;Kenianisch;Kenya;Kenia;Quênia
KGZ;Kyrgyzstan;KG;;f;0;Kyrgyz;Kirghize;Kirgisisch;Kyrgyzstan;Kirguistán;Quirguistão
KHM;Cambodia;KH;;f;0;Cambodian;Cambodgienne;Kambodschanisch;Kambodia;Camboya;Camboja
KIR;Kiribati;KI;;f;0;Kiribati;Kiribatienne;Kiribati;Kiribati;Kiribati;Kiribati
KNA;Saint Kitts and Nevis;KN;;f;0;From Saint Kitts and Nevis;De Saint-Christophe-Et-Nevis;Aus St. Kitts und Nevis;Saint Kitts na Nevis;San Cristóbal y Nieves;São Cristóvão e Nevis
KOR;Korea (Democratic Republic of);KR;;f;0;South Korean;Sud-Coréenne;Südkorea;Korea (Jamhuri ya Kidemokrasia ya);Corea (República Democrática de);Coreia (República Democrática da)
KWT;Kuwait;KW;;f;0;Kuwaiti;Koweïtienne;Kuwait;Kuwait;Kuwait;Kuwait
LAO;Laos (Democratic People's Republic of);LA;;f;0;Laotian;Laotienne;Laotisch;Laos (Jamhuri ya Kidemokrasia ya Watu wa);Laos (República Popular Democrática de);Laos (República Popular Democrática do)
LBN;Lebanon;LB;;f;0;Lebanese;Libanaise;libanesisch;Lebanon;Líbano;Líbano
LBR;Liberia;LR;;f;0;Liberian;Libérienne;Liberianisch;Liberia;Liberia;Libéria
LBY;Libya (Libyan Arab Jamahiriya);LY;;f;0;Libyan;Libyenne;Libyen;Libya (Libya Arab Jamahiriya);Libia (Jamahiriya Árabe Libia);Líbia (Jamahiriya Árabe Líbia)
LCA;St. Lucia;LC;;f;0;Saint Lucian;Saint-Lucienne;St. Lucian;Mtakatifu LUCIA;Santa Lucía;Santa Lúcia
LIE;Liechtenstein;LI;;f;0;Liechtensteiner;Liechtensteinoise;Liechtensteiner;Liechtenstein;Liechtenstein;Listenstaine
LKA;Sri Lanka;LK;;f;0;Sri Lankan;Sri-Lankaise;Srilankisch;Sri Lanka;Sri Lanka;Sri Lanka
LSO;Lesotho;LS;;f;0;From Lesotho;Du Lesotho;Aus Lesotho;Lesotho;Lesoto;Lesoto
LTU;Lithuania;LT;;f;0;Lithuanian;Lituanienne;litauisch;Lithuania;Lituania;Lituânia
LUX;Luxemburg;LU;;f;0;Luxemburgish;Luxembourgeoise;Luxemburgisch;Luxembourg;Luxemburgo;Luxemburgo
LVA;Latvia;LV;;f;0;Latvian;Lettone;lettisch;Latvia;letonia;Letônia
MAF;Saint Martin (France);MF;;f;0;From Saint Martin (France);De Saint-Martin;Aus Saint Martin (France);Kutoka Saint Martin (France);De Saint Martin (France);Da Saint Martin (France)
MAR;Morocco;MA;;f;0;Moroccan;Marocaine;marokkanisch;Moroko;Marruecos;Marrocos
MCO;Monaco;MC;;f;0;Monegasque;Monégasque;Monegassisch;monako;Mónaco;Mônaco
MDA;Moldova;MD;;f;0;Moldovan;Moldave;Moldauisch;Moldova;Moldavia;Moldávia
MDG;Madagascar;MG;;f;0;Malagasy;Malgache;Madagassisch;Madagaska;Madagascar;Madagáscar
MDV;Maldives;MV;;f;0;Maldivian;Maldivienne;Maledivisch;Maldives;Maldivas;Maldivas
MEX;Mexico;MX;;f;0;Mexican;Mexicaine;Mexikaner;Mexico;México;México
MHL;Marshall Islands;MH;;f;0;Marshallese;Marshallaise;Marshallisch;Visiwa vya Marshall;Islas Marshall;Ilhas Marshall
MKD;North Macedonia;MK;;f;0;Macedonian;Macédonienne;mazedonisch;Makedonia (Jamhuri ya Yugoslavia ya zamani);Macedonia (antigua República Yugoslava de);Macedônia (antiga República Iugoslava da)
MLI;Mali;ML;;f;0;Malian;Malienne;Malisch;mali;Malí;mali
MLT;Malta;MT;;f;0;Maltese;Maltaise;maltesisch;Malta;Malta;Malta
MMR;Myanmar;MM;;f;0;From Myanmar;Du Myanmar;Aus Myanmar;Myanmar;myanmar;Mianmar
MNE;Montenegro;ME;;f;0;Montenegrin;Monténégrine;Montenegrinisch;Montenegro;montenegro;Montenegro
MNG;Mongolia;MN;;f;0;Mongolian;Mongole;mongolisch;Mongolia;Mongolia;Mongólia
MOZ;Mozambique;MZ;;f;0;Mozambican;Mozambicaine;Mosambikanisch;msumbiji;Mozambique;Moçambique
MRT;Mauritania;MR;;f;0;Mauritanian;Mauritanienne;Mauretanisch;Mauritania;Mauritania;Mauritânia
MSR;Montserrat;MS;;f;0;Montserrat;Montserrat;Montserrat;Montserrat;Montserrat;Montserrat
MTQ;Martinique;MQ;;f;0;Martinique;Martinique;Martinique;Martinique;Martinica;Martinica
MUS;Mauritius;MU;;f;0;Mauritian;Mauricienne;Mauritius;Mauritius;Mauricio;Maurício
MWI;Malawi;MW;;f;0;Malawian;Malawienne;Malawi;Malawi;Malaui;Malawi
MYS;Malaysia;MY;;f;0;Malaysian;Malaisienne;malaysisch;Malaysia;Malasia;Malásia
MYT;Mayotte;YT;;f;0;Mayotte;Mayotte;Mayotte;Mayotte;Mayotte;Maiote
NAM;Namibia;NA;;f;0;Namibian;Namibienne;Namibisch;Namibia;Namibia;Namíbia
NCL;New Caledonia;NC;;f;0;New Caledonia;Nouvelle-Calédonie;Neu-Kaledonien;Kaledonia Mpya;Nueva Caledonia;Nova Caledônia
NER;Niger;NE;;f;0;nigerian;Nigérienne;Nigerianer;Niger;Níger;Níger
NFK;Norfolk (Island);NF;;f;0;Norfolk (Island);Norfolk (Île);Norfolkinsel);Norfolk (Kisiwa);Isla Norfolk);Norfolk (Ilha)
NGA;Nigeria;NG;;f;0;Nigerian;Nigériane;Nigerianisch;Nigeria;Nigeria;Nigéria
NIC;Nicaragua;NI;;f;0;Nicaraguan;Nicaraguayenne;Nicaraguanisch;Nikaragua;Nicaragua;Nicarágua
NIU;Niue;NU;;f;0;Niuean;Niuéane;Niuean;Niue;Niue;Niue
NLD;Netherlands;NL;;f;0;Dutch;Néerlandaise;Niederländisch;Uholanzi;Países Bajos;Holanda
NOR;Norway;NO;;f;0;Norwegian;Norvégienne;norwegisch;Norway;Noruega;Noruega
NPL;Nepal;NP;;f;0;Nepalese;Népalaise;Nepalese;Nepal;Nepal;Nepal
NRU;Nauru;NR;;f;0;Nauruan;Nauruane;Nauruisch;Nauru;Nauru;Nauru
NZL;New Zealand;NZ;;f;0;New Zealander;Néo-Zélandaise;Neuseeländer;New Zealand;Nueva Zelanda;Nova Zelândia
OMN;Oman;OM;;f;0;Omani;Omanaise;Oman;Oman;Omán;Omã
PAK;Pakistan;PK;;f;0;Pakistani;Pakistanaise;pakistanisch;Pakistani;Pakistán;Paquistão
PAN;Panama;PA;;f;0;Panamanian;Panaméenne;Panamaisch;Panama;Panamá;Panamá
PER;Peru;PE;;f;0;Peruvian;Péruvienne;peruanisch;Peru;Perú;Peru
PHL;Philippines;PH;;f;0;Filipina;Philippine;Filipina;Ufilipino;Filipinas;Filipinas
PLW;Palau;PW;;f;0;Palauan;Palauane;Palauan;Palau;palaos;Palau
PNG;Papua New Guinea;PG;;f;0;From Papua New Guinea;De Papouasie - Nouvelle-Guinée;Aus Papua-Neuguinea;Papua Guinea Mpya;Papúa Nueva Guinea;Papua Nova Guiné
POL;Poland;PL;;f;0;Polish;Polonaise;Polieren;Poland;Polonia;Polônia
PRI;Porto Rico;PR;;f;0;Porto Rico;Porto Rico;Porto Rico;Porto Rico;Puerto Rico;Porto Rico
PRK;Korea (Democratic People's Republic of);KP;;f;0;North Korean;Nord-Coréenne;nordkoreanisch;Korea (Jamhuri ya Kidemokrasia ya Watu wa);República de Corea, Popular Democrática de);Coréia, República Popular Democrática da)
PRT;Portugal;PT;;f;0;Portugese;Portugaise;Portugiesisch;Ureno;Portugal;Portugal
PRY;Paraguay;PY;;f;0;Paraguayan;Paraguayenne;Paraguayisch;Paragwai;Paraguay;Paraguai
PSE;Palestine;PS;;f;0;Palestinian;Palestinienne;palästinensisch;Palestina;Palestina;Palestina
PYF;French Polynesia;PF;;f;0;French Polynesia;Polynésie française;Französisch Polynesien;Polynesia ya Ufaransa;Polinesia francesa;Polinésia Francesa
QAT;Qatar;QA;;f;0;Qatari;Qatarienne;Katar;Qatar;Katar;Catar
ROU;Romania;RO;;f;0;Romanian;Roumaine;rumänisch;Rumania;Rumania;Romênia
RUS;Russian Federation;RU;;f;0;Russian;Russe;Russisch;Urusi (Shirikisho la);Rusia (Federación de);Rússia (Federação de)
RWA;Rwanda;RW;;f;0;Rwandan;Rwandaise;Ruander;Rwanda;Ruanda;Ruanda
SAU;Saudi Arabia;SA;;f;0;saudi;Saoudienne;Saudi;Saudi Arabia;Arabia Saudita;Arábia Saudita
SDN;Sudan;SD;;f;0;Sudanese;Soudanaise;Sudanesen;Sudan;Sudán;Sudão
SEN;Senegal;SN;;f;0;Senegalese;Sénégalaise;senegalesisch;Senegal;Senegal;Senegal
SGP;Singapore;SG;;f;0;Singaporean;Singapourienne;Singapurisch;Singapore;Singapur;Cingapura
SLB;Solomon Islands;SB;;f;0;Solomon Islands;Salomonaise;Salomon-Inseln;Visiwa vya Solomon;Islas Salomón;Ilhas Salomão
SLE;Sierra Leone;SL;;f;0;From Sierra Leone;De Sierra Leone;Aus Sierra Leone;Sierra Leone;Sierra Leona;Serra Leoa
SLV;El Salvador;SV;;f;0;Salvadorian;Salvadorienne;Salvadorianisch;salvador;el Salvador;salvador
SMR;San Marino;SM;;f;0;San Marino;Saint-Marinaise;San Marino;San Marino;San Marino;São Marinho
SOM;Somalia;SO;;f;0;Somali;Somalienne;somali;Somalia;Somalia;Somália
SRB;Serbia;CS;;f;0;Serbian;Serbe;serbisch;Serbia;Serbia;Sérvia
SSD;South Sudan;SS;;f;0;South Sudanese;Sud-Soudanaise;Südsudanesen;sudan kusini;Sudán del Sur;Sudão do Sul
STP;Sao Tome and Principe;ST;;f;0;From São Tomé and Príncipe;De São Tomé E Príncipe;Aus São Tomé und Príncipe;Sao Tome na Principe;Santo Tomé y Príncipe;São Tomé e Príncipe
SUR;Suriname;SR;;f;0;Surinamese;Surinamaise;Suriname;Suriname;Surinam;Suriname
SVK;Slovakia;SK;;f;0;Slovak;Slovaque;slowakisch;Slovakia;Eslovaquia;Eslováquia
SVN;Slovenia;SI;;f;0;Slovenian;Slovène;Slowenisch;Slovenia;Eslovenia;Eslovênia
SWE;Sweden;SE;;f;0;Swedish;Suédoise;Schwedisch;Uswidi;Suecia;Suécia
SWZ;Swasiland;SZ;;f;0;Swaziland;Swazie;Swasiland;Eswatini;Esuatini;Eswatini
SXM;Sint Maarten (Netherlands);SX;;f;0;From Sint Maarten (Netherlands);De Saint-Martin (Pays-Bas);Aus Sint Maarten (Niederlande);Kutoka Sint Maarten (Uholanzi);De ;Da São Martinho (Holanda)
SYC;Seychelles;SC;;f;0;Seychellois;Seychelloise;Seychellen;Shelisheli;Seychelles;Seicheles
SYR;Syria (Syrian Arab Republic);SY;;f;0;Syrian;Syrienne;syrisch;Syria (Jamhuri ya Kiarabu ya Syria);Siria (República Árabe Siria);Síria (República Árabe Síria)
TCD;Chad;TD;;f;0;Chadian;Tchadienne;Tschadisch;Chad;Chad;Chade
TGO;Togo;TG;;f;0;Togolese;Togolaise;Togoisch;Togo;Para llevar;Ir
THA;Thailand;TH;;f;0;Thai;Thaïlandaise;Thailändisch;Thailand;Tailandia;Tailândia
TJK;Tajikistan;TJ;;f;0;Tajik;Tadjike;Tadschikisch;Tajikistan;Tayikistán;Tajiquistão
TKL;Tokelau;TK;;f;0;Tokelau;Tokelau;Tokelau;Tokelau;Tokelau;Toquelau
TKM;Turkmenistan;TM;;f;0;Turkmen;Turkmène;Turkmenisch;Turkmenistan;turkmenistán;Turcomenistão
TLS;East Timor;TS;;f;0;East Timorese;Est-Timorais;Osttimoresisch;Timor ya Mashariki;Timor Oriental;Timor Leste
TON;Tonga;TO;;f;0;Tongana;Tongane;Tonga;Tonga;tonga;Tonga
TTO;Trinidad and Tobago;TT;;f;0;From Trinidad and Tobago;De Trinité-Et-Tobago;Aus Trinidad und Tobago;Trinidad na Tobago;Trinidad y Tobago;Trindade e Tobago
TUN;Tunisia;TN;;f;0;Tunisian;Tunisienne;Tunesisch;Tunisia;Túnez;Tunísia
TUR;Turkey;TR;;f;0;Turkish;Turque;Türkisch;Uturuki;Pavo;Peru
TUV;Tuvalu;TV;;f;0;Tuvaluan;Tuvaluane;Tuvaluisch;tuvalu;tuvalu;tuvalu
TWN;Taiwan;TW;;f;0;Taiwanese;Taiwanaise;Taiwanese;Taiwan (Mkoa wa Uchina);Taiwan, provincia de China);Taiwan, província da China)
TZA;Tanzania;TZ;;f;0;Tanzanian;Tanzanienne;Tansanisch;Tanzania;Tanzania;Tanzânia
UGA;Uganda;UG;;f;0;Ugandan;Ougandaise;Ugandisch;Uganda;Uganda;Uganda
UKR;Ukraine;UA;;f;0;Ukrainian;Ukrainienne;ukrainisch;Ukraine;Ucrania;Ucrânia
URY;Uruguay;UY;;f;0;Uruguayan;Uruguayenne;Uruguayisch;Uruguay;Uruguay;Uruguai
USA;United States;US;;f;0;American;Américaine;amerikanisch;Amerika;Estados Unidos de América;Estados Unidos da América
UZB;Uzbekistan;UZ;;f;0;Uzbek;Ouzbèke;Usbekisch;Uzbekistan;Uzbekistán;Uzbequistão
VAT;Vatican;VT;;f;0;Of the Holy See;Du Saint-Siège;Vom Heiligen Stuhl;Vatican;Vaticano;Vaticano
VCT;Saint Pierre and Miquelon;PM;;f;0;From Saint Vincent And The Grenadines;De Saint-Vincent-Et-Les-Grenadines;Aus St. Vincent und den Grenadinen;Saint Vincent na Grenadines;San Vicente y las Granadinas;São Vicente e Granadinas
VEN;Venezuela;VE;;f;0;Venezuelan;Vénézuélienne;venezolanisch;Venezuela;Venezuela;Venezuela
VNM;Vietnam;VN;;f;0;Vietnamese;Vietnamienne;Vietnamesisch;Vietnam;Vietnam;Vietnã
VUT;Vanuatu;VU;;f;0;Vanuatuan;Vanuatuane;Vanuatuan;Vanuatu;Vanuatu;Vanuatu
WSM;Samoa;WS;;f;0;Samoan;Samoane;Samoanisch;Samoa;samoa;Samoa
XXX;United States Minor Outlying Islands;UM;;f;0;Unknown;Inconnue;Unbekannt;Haijulikani;Desconocido;Desconhecido
YEM;Yemen;YE;;f;0;Yemenite;Yéménite;Jemenit;Yemen;Yemen;Iémen
ZAF;South Africa;ZA;;f;0;South African;Sud-Africaine;südafrikanisch;Africa Kusini;Africa del Sur;África do Sul
ZMB;Zambia;ZM;;f;0;Zambian;Zambienne;Sambisch;Zambia;Zambia;Zâmbia
ZWE;Zimbabwe;ZW;;f;0;Zimbabwean;Zimbabwéenne;simbabwisch;Zimbabwe;Zimbabue;Zimbábue
