key_;tag;ext_mapping;comment_;isdefault;preforder;en;fr;de;sw;es;pt
____;Nationality;____;Header;f;9999;Country;Pays;Land;NchiPaís;País;
AFG;Afghanistan;AF;+93;f;0;Afghanistan;Afghanistan;Afghanistan;Afghanistan;Afganistán;Afeganistão
AGO;Angola;AO;+244;f;0;Angola;Angola;Angola;Angola;angola;Angola
ALB;Albania;AL;+355;f;0;Albania;Albanie;Albanien;Albania;Albania;Albânia
AND;AndorrA;AD;+376;f;0;Andorra;Andorre;Andorra;Andora;Andorra;Andorra
ARE;United Arab Emirates;AE;+971;f;0;United Arab Emirates;Emirats Arabes Unis;Vereinigte Arabische Emirate;Umoja wa Falme za Kiarabu;Emiratos Árabes Unidos;Emirados Árabes Unidos
ARG;Argentina;AR;+54;f;0;Argentina;Argentine;Argentinien;Argentina;Argentina;Argentina
ARM;Armenia;AM;+374;f;0;Armenia;Arménie;Armenien;Armenia;Armenia;Armênia
ATF;French Southern Territories;TF;+596;f;0;French Southern Territories;Terres australes françaises;Südfranzösische Territorien;Wilaya za Kusini mwa Ufaransa;Territorios Franceses del Sur;Territórios do Sul da França
ATG;Antigua and Barbuda;AG;+1268;f;0;Antigua and Barbuda;Antigua-et-Barbuda;Antigua und Barbuda;Antigua na Barbuda;Antigua y Barbuda;Antígua e Barbuda
AUS;Australia;AU;+61;f;0;Australia;Australie;Australien;Australia;Australia;Austrália
AUT;Austria;AT;+43;f;0;Austria;Autriche;Österreich;Austria;Austria;Áustria
AZE;Azerbaijan;AZ;+994;f;0;Azerbaijan;Azerbaïdjan;Aserbaidschan;Azerbaijan;Azerbaiyán;Azerbaijão
BDI;Burundi;BI;+257;f;0;Burundi;Burundi;Burundi;Burundi;Burundi;Burundi
BEL;Belgium;BE;+32;f;0;Belgium;Belgique;Belgien;Ubelgiji;Bélgica;Bélgica
BEN;Benin;BJ;+229;f;0;Benin;Bénin;Gutartig;Bora;Benigno;Benigno
BFA;Burkina Faso;BF;+226;f;0;Burkina Faso;Burkina Faso;Burkina Faso;Burkina Faso;Burkina Faso;Burkina Faso
BGD;Bangladesh;BD;+880;f;0;Bangladesh;Bangladesh;Bangladesch;Bangladeshi;bangladesí;Bangladesh
BGR;Bulgaria;BG;+359;f;0;Bulgaria;Bulgarie;Bulgarien;Bulgaria;Bulgaria;Bulgária
BHR;Bahrain;BH;+973;f;0;Bahrain;Bahreïn;Bahrein;Bahrain;Baréin;Bahrein
BHS;Bahamas;BS;+1242;f;0;Bangladesh;Bahamas;Bahamas;Bahama;bahameño;bahamense
BIH;Bosnia and Herzegovina;BA;+387;f;0;Bosnia and Herzegovina;Bosnie-Herzégovine;Bosnien und Herzegowina;Bosnia na Herzegovina;Bosnia y Herzegovina;Bósnia e Herzegovina
BLR;Belarus;BY;+375;f;0;Belarus;Bélarus;Weißrussland;Belarus;Bielorrusia;Bielorrússia
BLZ;Belize;BZ;+501;f;0;Belize;Bélize;Belize;Belize;Belice;Belize
BOL;Bolivia;BO;+591;f;0;Bolivia;Bolivie;Bolivien;Bolivia;Bolivia;Bolívia
BRA;Brazil;BR;+55;f;0;Brazil;Brésil;Brasilien;Brazili;Brasil;Brasil
BRB;Barbados;BB;+1246;f;0;Barbados;Barbade;Barbados;Barbados;barbados;Barbados
BRN;Brunei Darussalam;BN;+673;f;0;Brunei Darussalam;Bruneï Darussalam;Brunei Darussalam;Brunei Darussalam;Brunei Darussalam;Brunei Darussalam
BTN;Bhutan;BT;+975;f;0;Bhutan;Bhoutan;Bhutan;Bhutan;Bután;Butão
BWA;Botswana;BW;+267;f;0;Botswana;Botswana;Botswana;Botswana;Botsuana;Botsuana
CAF;Central African Republic;CF;+236;f;0;Central African Republic;République Centrafricaine;Zentralafrikanische Republik;Jamhuri ya Afrika ya Kati;Republica Centro Africana;República Centro-Africana
CAN;Canada;CA;+1;f;0;Canada;Canada;Kanada;Kanada;Canadá;Canadá
CHE;Switzerland;CH;+41;f;0;Switzerland;Suisse;schweizerisch;Uswisi;suizo;suíço
CHL;Chile;CL;+56;f;0;Chile;Chili;Chile;Chile;Chile;Chile
CHN;China;CN;+86;f;0;China;Chine;China;China;Porcelana;China
CIV;Ivory Coast;CI;+225;f;0;Ivory Coast;Côte d'Ivoire;Elfenbeinküste;Ivory Coast;Costa de Marfil;Costa do Marfim
CMR;Cameroon;CM;+237;f;0;Cameroon;Cameroun;Kamerun;Kamerun;Camerún;Camarões
COD;Democratic Republic of Congo;CD;CD;f;0;Democratic Republic of Congo;République Démocratique du Congo;Demokratische Republik Kongo;Jamhuri ya Kidemokrasia ya Kongo;República Democrática del Congo;República Democrática do Congo
COG;Congo;CG;+242;f;0;Congo;Congo;Kongo;kongo;congo;Congo
COK;Cook (Islands);CK;+682;f;0;Cook (Islands);Cook (Îles);Cookinseln);Cook (Visiwa);Islas Cook);Ilhas Cook)
COL;Colombia;CO;+57;f;0;Colombia;Colombie;Kolumbien;Kolombia;Colombia;Colômbia
COM;Comoros;KM;+269;f;0;Comoros;Comores;Komoren;Komoro;Comoras;Comores
CPV;Cape Verde;CV;+238;f;0;Cape Verde;Cap Vert;Kap Verde;Kap Verde;Kabo Verde;Kabu Verdi
CRI;Costa Rica;CR;+506;f;0;Costa Rica;Costa Rica;Costa Rica;Kosta Rika;Costa Rica;Costa Rica
CUB;Cuba;CU;+53;f;0;Cuba;Cuba;Kuba;Kuba;Cuba;Cuba
CYP;Cyprus;CY;+357;f;0;Cyprus;Chypre;Zypern;Kupro;Chipre;Chipre
CZE;Czech Republic;CZ;+420;f;0;Czech Republic;République Tchèque;Tschechische Republik;Jamhuri ya Czech;República Checa;República Checa
DEU;Germany;DE;+49;f;0;Germany;Allemagne;Deutschland;Ujerumani;Alemania;Alemanha
DJI;Djibouti;DJ;+253;f;0;Djibouti;Djibouti;Dschibuti;Djibouti;Yibuti;Djibuti
DMA;Dominica;DM;+1767;f;0;Dominica;Dominique;Dominika;Dominika;Dominica;Dominica
DNK;Denmark;DK;+45;f;0;Denmark;Danemark;Dänemark;Denmark;Dinamarca;Dinamarca
DOM;Dominican Republic;DO;+1;f;0;Dominican Republic;République Dominicaine;Dominikanische Republik;Jamhuri ya Dominika;República Dominicana;República Dominicana
DZA;Algeria;DZ;+213;f;0;Algeria;Algérie;Algerien;Algeria;Argelia;Argélia
ECU;Ecuador;EC;+593;f;0;Ecuador;Equateur;Ecuador;Ekuador;Ecuador;Equador
EGY;Egypt;EG;+20;f;0;Egypt;Egypte;Ägypten;Misri;Egipto;Egito
ERI;Eritrea;ER;+291;f;0;Eritrea;Erythrée;Eritrea;Eritrea;Eritrea;Eritreia
ESP;Spain;ES;+94;f;0;Spain;Espagne;Spanien;Uhispania;España;Espanha
EST;Estonia;EE;+372;f;0;Estonia;Estonie;Estland;Estonia;Estonia;Estônia
ETH;Ethiopia;ET;+670;f;0;Ethiopia;Ethiopie;Äthiopien;Ethiopia;Etiopía;Etiópia
FIN;Finland;FI;+358;f;0;Finland;Finlande;Finnland;Ufini;Finlandia;Finlândia
FJI;Fiji;FJ;+679;f;0;Fiji;Fidji;Fidschi;Fiji;Fiyi;Fiji
FLK;Falkland Islands (Malvinas);FK;+500;f;0;Falkland Islands (Malvinas);Ilhas Malvinas (Malvinas);Falklandinseln (Malvinas);Visiwa vya Falkland (Malvinas);Islas Malvinas (Malvinas);Ilhas Malvinas (Malvinas)
FRA;France;FR;+33;f;0;France;France;Frankreich;Ufaransa;Francia;França
FSM;Micronesia (Federated States of);FM;+691;f;0;Micronesia (Federated States of);Micronésie (Etats fédérés de);Mikronesien (Föderierte Staaten von);Mikronesia (Mataifa Shirikisho la);Micronesia (Estados Federados de);Micronésia (Estados Federados da)
GAB;Gabon;GA;+241;f;0;Gabon;Gabon;Gabun;Gabon;Gabón;Gabão
GBR;United Kingdom;GB;+44;f;0;United Kingdom;Royaume-Uni;Vereinigtes Königreich;Uingereza;Reino Unido;Reino Unido
GEO;Georgia;GE;+995;f;0;Georgia;Géorgie;Georgia;Georgia;Georgia;Geórgia
GGY;Guernsey;GG;+44;f;0;Guernsey;Guernsey;Guernsey;Guernsey;Guernsey;Guernsey
GHA;Ghana;GH;+233;f;0;Ghana;Ghana;Ghana;Ghana;Ghana;Gana
GIB;Gibraltar;GI;+350;f;0;Gibraltar;Gibraltar;Gibraltar;Gibraltar;Gibraltar;Gibraltar
GIN;Guinea;GN;+224;f;0;Guinea;Guinée;Guinea;Guinea;Guinea;Guiné
GLP;Guadeloupe;GP;+590;f;0;Guadeloupe;Guadeloupe;Guadeloupe;Guadeloupe;Guadeloupe;Guadeloupe
GMB;Gambia;GM;+220;f;0;Gambia;Gambie;Gambia;Gambia;Gambia;Gâmbia
GNB;Guinea-Bissau;GW;+245;f;0;Guinea-Bissau;Guinée-Bissau;Guinea-Bissau;Guinea-Bissau;Guinea-Bisáu;Guiné-Bissau
GNQ;Equatorial Guinea;GQ;+240;f;0;Equatorial Guinea;Guinée Equatoriale;Äquatorialguinea;Guinea ya Ikweta;Guinea Ecuatorial;Guiné Equatorial
GRC;Greece;GR;+30;f;0;Greece;Grèce;Griechenland;Ugiriki;Grecia;Grécia
GRD;Grenada;GD;+1473;f;0;Grenada;Grenade;Grenada;Grenade;Granada;Granada
GRL;Greenland;GL;+299;f;0;Greenland;Groenland;Grönland;Greenland;Groenlandia;Groenlândia
GTM;Guatemala;GT;+502;f;0;Guatemala;Guatemala;Guatemala;Guatemala;Guatemala;Guatemala
GUF;French Guiana;GF;+594;f;0;French Guiana;Guyane Française;Französisch-Guayana;Guiana ya Ufaransa;Guayana Francesa;Guiana Francesa
GUM;Guam;GU;+1671;f;0;Guam;Guam;Guam;Guam;Guam;Guam
GUY;Guyana;GY;+592;f;0;Guyana;Guyana;Guyana;Guyana;Guayana;Guiana
HKG;Hong Kong;HK;+852;f;0;Hong Kong;Hong Kong;Hong Kong;Hong Kong;Hong Kong;Hong Kong
HMD;Heard Island and Mcdonald Islands;HM;+672;f;0;Heard Island and Mcdonald Islands;Île Heard et Îles Mcdonald;Heard-Insel und McDonald-Inseln;Visiwa vya Heard na Visiwa vya Mcdonald;Islas Heard e Islas Mcdonald;Ilha Heard e Ilhas Mcdonald
HND;Honduras;HN;+504;f;0;Honduras;Honduras;Honduras;Honduras;Honduras;Honduras
HRV;Croatia;HR;+385;f;0;Croatia;Croatie;Kroatien;Kroatia;Croacia;Croácia
HTI;Haiti;HT;+509;f;0;Haiti;Haïti;Haiti;Haiti;Haití;Haiti
HUN;Hungary;HU;+36;f;0;Hungary;Hongrie;Ungarn;Hungaria;Hungría;Hungria
IDN;Indonesia;ID;+62;f;0;Indonesia;Indonésie;Indonesien;Indonesia;Indonesia;Indonésia
IND;India;IN;+91;f;0;India;Inde;Indien;India;India;Índia
IRL;Ireland;IE;+353;f;0;Ireland;Irlande;Irland;Ireland;Irlanda;Irlanda
IRN;Iran;IR;+98;f;0;Iran;Iran (République islamique d');Iran (Islamische Republik);Iran (Jamhuri ya Kiislamu ya);Irán (República Islámica de);Irã (Republic Islâmica do Irã)
IRQ;Iraq;IQ;+964;f;0;Iraq;Irak;Irak;Iraq;Irak;Iraque
ISL;Iceland;IS;+354;f;0;Iceland;Islande;Island;Iceland;Islandia;Islândia
ISR;Israel;IL;+972;f;0;Israel;Israël;Israel;Israeli;Israel;Israel
ITA;Italy;IT;+39;f;0;Italy;Italie;Italien;Italia;Italia;Itália
JAM;Jamaica;JM;+1;f;0;Jamaica;Jamaïque;Jamaika;Jamaika;Jamaica;Jamaica
JOR;Jordan;JO;+962;f;0;Jordan;Jordanie;Jordanien;Yordani;Jordán;Jordânia
JPN;Japan;JP;+81;f;0;Japan;Japon;Japan;Japani;Japón;Japão
KAZ;Kazakhstan;KZ;+7;f;0;Kazakhstan;Kazakstan;Kasachstan;Kazakhstan;Kazajistán;Cazaquistão
KEN;Kenya;KE;+254;f;0;Kenya;Kenya;Kenia;Kenya;Kenia;Quênia
KGZ;Kyrgyzstan;KG;+996;f;0;Kyrgyzstan;Kyrgyzstan;Kirgistan;Kyrgyzstan;Kirguistán;Quirguistão
KHM;Cambodia;KH;+855;f;0;Cambodia;Cambodge;Kambodscha;Kambodia;Camboya;Camboja
KIR;Kiribati;KI;+686;f;0;Kiribati;Kiribati;Kiribati;Kiribati;Kiribati;Kiribati
KNA;Saint Kitts and Nevis;KN;+1869;f;0;Saint Kitts and Nevis;Saint Kitts et Nevis;St. Kitts und Nevis;Saint Kitts na Nevis;San Cristóbal y Nieves;São Cristóvão e Nevis
KOR;Korea (Democratic Republic of);KR;+82;f;0;Korea (Democratic Republic of);Corée (République démocratique du);Korea (Demokratische Republik);Korea (Jamhuri ya Kidemokrasia ya);Corea (República Democrática de);Coreia (República Democrática da)
KWT;Kuwait;KW;+965;f;0;Kuwait;Koweït;Kuwait;Kuwait;Kuwait;Kuwait
LAO;Laos (Democratic People's Republic of);LA;+856;f;0;Laos (Democratic People's Republic of);Laos (République populaire démocratique du);Laos (Demokratische Volksrepublik);Laos (Jamhuri ya Kidemokrasia ya Watu wa);Laos (República Popular Democrática de);Laos (República Popular Democrática do)
LBN;Lebanon;LB;+961;f;0;Lebanon;Liban;Libanon;Lebanon;Líbano;Líbano
LBR;Liberia;LR;+231;f;0;Liberia;Libéria;Liberia;Liberia;Liberia;Libéria
LBY;Libya (Libyan Arab Jamahiriya);LY;+218;f;0;Libya (Libyan Arab Jamahiriya);Libye (Jamahiriya Arabe Libyenne);Libyen (libysch-arabische Jamahiriya);Libya (Libya Arab Jamahiriya);Libia (Jamahiriya Árabe Libia);Líbia (Jamahiriya Árabe Líbia)
LCA;St. Lucia;LC;+1758;f;0;St. Lucia;Sainte Lucie;St. Lucia;Mtakatifu LUCIA;Santa Lucía;Santa Lúcia
LIE;Liechtenstein;LI;+423;f;0;Liechtenstein;Liechtenstein;Liechtenstein;Liechtenstein;Liechtenstein;Listenstaine
LKA;Sri Lanka;LK;+211;f;0;Sri Lanka;Sri Lanka;Sri Lanka;Sri Lanka;Sri Lanka;Sri Lanka
LSO;Lesotho;LS;+266;f;0;Lesotho;Lesotho;Lesotho;Lesotho;Lesoto;Lesoto
LTU;Lithuania;LT;+370;f;0;Lithuania;Lithuanie;Litauen;Lithuania;Lituania;Lituânia
LUX;Luxemburg;LU;+352;f;0;Luxemburg;Luxembourg;Luxemburg;Luxembourg;Luxemburgo;Luxemburgo
LVA;Latvia;LV;+371;f;0;Latvia;Lettonie;Lettland;Latvia;letonia;Letônia
MAF;Saint Martin (France);MF;+590;f;0;Saint Martin (France);Saint-Martin;Saint Martin (France);Saint Martin (France);Saint Martin (France);Saint Martin (France)
MAR;Morocco;MA;+212;f;0;Morocco;Maroc;Marokko;Moroko;Marruecos;Marrocos
MCO;Monaco;MC;+377;f;0;monaco;Monaco;Monaco;monako;Mónaco;Mônaco
MDA;Moldova;MD;+373;f;0;Moldova;Moldavie;Moldawien;Moldova;Moldavia;Moldávia
MDG;Madagascar;MG;+261;f;0;Madagascar;Madagascar;Madagaskar;Madagaska;Madagascar;Madagáscar
MDV;Maldives;MV;+960;f;0;Maldives;Maldives;Malediven;Maldives;Maldivas;Maldivas
MEX;Mexico;MX;+52;f;0;Mexico;Mexique;Mexiko;Mexico;México;México
MHL;Marshall Islands;MH;+692;f;0;Marshall Islands;Marshall (Îles);Marshallinseln;Visiwa vya Marshall;Islas Marshall;Ilhas Marshall
MKD;North Macedonia;MK;+389;f;0;North Macedonia;Macédoine du Nord;Nordmazedonien;Makedonia ya Kaskazini;Macedonia del norte;Macedônia do Norte
MLI;Mali;ML;+223;f;0;mali;Mali;Mali;mali;Malí;mali
MLT;Malta;MT;+356;f;0;Malta;Malte;Malta;Malta;Malta;Malta
MMR;Myanmar;MM;+95;f;0;myanmar;Myanmar;Myanmar;Myanmar;myanmar;Mianmar
MNE;Montenegro;ME;+382;f;0;Montenegro;Monténégro;Montenegro;Montenegro;montenegro;Montenegro
MNG;Mongolia;MN;+976;f;0;Mongolia;Mongolie;Mongolei;Mongolia;Mongolia;Mongólia
MOZ;Mozambique;MZ;+258;f;0;mozambique;Mozambique;Mosambik;msumbiji;Mozambique;Moçambique
MRT;Mauritania;MR;+222;f;0;Mauritania;Mauritanie;Mauretanien;Mauritania;Mauritania;Mauritânia
MSR;Montserrat;MS;+1664;f;0;Montserrat;Montserrat;Montserrat;Montserrat;Montserrat;Montserrat
MTQ;Martinique;MQ;+596;f;0;Martinique;Martinique;Martinique;Martinique;Martinica;Martinica
MUS;Mauritius;MU;+230;f;0;Mauritius;Maurice;Mauritius;Mauritius;Mauricio;Maurício
MWI;Malawi;MW;+265;f;0;Malawi;Malawi;Malawi;Malawi;Malaui;Malawi
MYS;Malaysia;MY;+60;f;0;Malaysia;Malaisie;Malaysia;Malaysia;Malasia;Malásia
MYT;Mayotte;YT;+262;f;0;Mayotte;Mayotte;Mayotte;Mayotte;Mayotte;Maiote
NAM;Namibia;NA;+264;f;0;Namibia;Namibie;Namibia;Namibia;Namibia;Namíbia
NCL;New Caledonia;NC;+687;f;0;New Caledonia;Nouvelle-Calédonie;Neu-Kaledonien;Kaledonia Mpya;Nueva Caledonia;Nova Caledônia
NER;Niger;NE;+227;f;0;Niger;Niger;Niger;Niger;Níger;Níger
NFK;Norfolk (Island);NF;+6723;f;0;Norfolk (Island);Norfolk (Île);Norfolkinsel);Norfolk (Kisiwa);Isla Norfolk);Norfolk (Ilha)
NGA;Nigeria;NG;+234;f;0;Nigeria;Nigéria;Nigeria;Nigeria;Nigeria;Nigéria
NIC;Nicaragua;NI;+505;f;0;Nicaragua;Nicaragua;Nicaragua;Nikaragua;Nicaragua;Nicarágua
NIU;Niue;NU;+683;f;0;Niue;Niue;Niue;Niue;Niue;Niue
NLD;Netherlands;NL;+31;f;0;Netherlands;Pays-Bas;Niederlande;Uholanzi;Países Bajos;Holanda
NOR;Norway;NO;+47;f;0;Norway;Norvège;Norwegen;Norway;Noruega;Noruega
NPL;Nepal;NP;+977;f;0;Nepal;Népal;Nepal;Nepal;Nepal;Nepal
NRU;Nauru;NR;+674;f;0;Nauru;Nauru;Nauru;Nauru;Nauru;Nauru
NZL;New Zealand;NZ;+64;f;0;New Zealand;Nouvelle-Zélande;Neuseeland;New Zealand;Nueva Zelanda;Nova Zelândia
OMN;Oman;OM;+968;f;0;Oman;Oman;Oman;Oman;Omán;Omã
PAK;Pakistan;PK;+92;f;0;Pakistan;Pakistan;Pakistan;Pakistani;Pakistán;Paquistão
PAN;Panama;PA;+507;f;0;Panama;Panama;Panama;Panama;Panamá;Panamá
PER;Peru;PE;+51;f;0;Peru;Pérou;Peru;Peru;Perú;Peru
PHL;Philippines;PH;+63;f;0;Philippines;Philippines;Philippinen;Ufilipino;Filipinas;Filipinas
PLW;Palau;PW;+680;f;0;Palau;Palau;Palau;Palau;palaos;Palau
PNG;Papua New Guinea;PG;+675;f;0;Papua New Guinea;Papouasie Nouvelle-Guinée;Papua Neu-Guinea;Papua Guinea Mpya;Papúa Nueva Guinea;Papua Nova Guiné
POL;Poland;PL;+48;f;0;Poland;Pologne;Polen;Poland;Polonia;Polônia
PRI;Porto Rico;PR;+1;f;0;Porto Rico;Porto Rico;Puerto Rico;Porto Rico;Puerto Rico;Porto Rico
PRK;Korea (Democratic People's Republic of);KP;+850;f;0;Korea (Democratic People's Republic of);Corée (République populaire démocratique du);Korea, Demokratische Volksrepublik);Korea (Jamhuri ya Kidemokrasia ya Watu wa);República de Corea, Popular Democrática de);Coréia, República Popular Democrática da)
PRT;Portugal;PT;+351;f;0;Portugal;Portugal;Portugal;Ureno;Portugal;Portugal
PRY;Paraguay;PY;+595;f;0;Paraguay;Paraguay;Paraguay;Paragwai;Paraguay;Paraguai
PSE;Palestine;PS;+970;f;0;Palestine;Palestine;Palästina;Palestina;Palestina;Palestina
PYF;French Polynesia;PF;+689;f;0;French Polynesia;Polynésie française;Französisch Polynesien;Polynesia ya Ufaransa;Polinesia francesa;Polinésia Francesa
QAT;Qatar;QA;+974;f;0;Qatar;Quatar;Katar;Qatar;Katar;Catar
ROU;Romania;RO;+40;f;0;Romania;Roumanie;Rumänien;Rumania;Rumania;Romênia
RUS;Russian Federation;RU;+7;f;0;Russian Federation;Russie (Fédération de);Russland (Föderation von);Urusi (Shirikisho la);Rusia (Federación de);Rússia (Federação de)
RWA;Rwanda;RW;+250;f;0;Rwanda;Rwanda;Ruanda;Rwanda;Ruanda;Ruanda
SAU;Saudi Arabia;SA;+966;f;0;Saudi Arabia;Arabie Séoudite;Saudi-Arabien;Saudi Arabia;Arabia Saudita;Arábia Saudita
SDN;Sudan;SD;+249;f;0;Sudan;Soudan;Sudan;Sudan;Sudán;Sudão
SEN;Senegal;SN;+221;f;0;Senegal;Sénégal;Senegal;Senegal;Senegal;Senegal
SGP;Singapore;SG;+65;f;0;Singapore;Singapour;Singapur;Singapore;Singapur;Cingapura
SLB;Solomon Islands;SB;+677;f;0;Solomon Islands;Salomon (Îles);Salomon-Inseln;Visiwa vya Solomon;Islas Salomón;Ilhas Salomão
SLE;Sierra Leone;SL;+232;f;0;Sierra Leone;Sierra Léone;Sierra Leone;Sierra Leone;Sierra Leona;Serra Leoa
SLV;El Salvador;SV;+503;f;0;El Salvador;El Salvador;El Salvador;El Salvador;El Salvador;El Salvador
SMR;San Marino;SM;+378;f;0;San Marino;San Marin;San Marino;San Marino;San Marino;São Marinho
SOM;Somalia;SO;+252;f;0;Somalia;Somalie;Somalia;Somalia;Somalia;Somália
SRB;Serbia;CS;+381;f;0;Serbia;Serbie;Serbien;Serbia;Serbia;Sérvia
SSD;South Sudan;SS;+34;f;0;South Sudan;Soudan du sud;Südsudan;sudan kusini;Sudán del Sur;Sudão do Sul
STP;Sao Tome and Principe;ST;+239;f;0;Sao Tome and Principe;Sao Tomé et Principe;Sao Tome und Principe;Sao Tome na Principe;Santo Tomé y Príncipe;São Tomé e Príncipe
SUR;Suriname;SR;+597;f;0;Suriname;Surinam;Surinam;Suriname;Surinam;Suriname
SVK;Slovakia;SK;+421;f;0;Slovakia;Slovaquie;Slowakei;Slovakia;Eslovaquia;Eslováquia
SVN;Slovenia;SI;+386;f;0;Slovenia;Slovénie;Slowenien;Slovenia;Eslovenia;Eslovênia
SWE;Sweden;SE;+46;f;0;Sweden;Suède;Schweden;Uswidi;Suecia;Suécia
SWZ;Swasiland;SZ;+268;f;0;Swasiland;Eswatini;Eswatini;Eswatini;Esuatini;Eswatini
SXM;Sint Maarten (Netherlands);SX;+1721;f;0;Sint Maarten (Netherlands);Saint-Martin (Pays-Bas);Sint Maarten (Niederlande);Sint Maarten (Uholanzi);;São Martinho (Holanda)
SYC;Seychelles;SC;+248;f;0;Seychelles;Seychelles;Seychellen;Shelisheli;Seychelles;Seicheles
SYR;Syria (Syrian Arab Republic);SY;+963;f;0;Syria (Syrian Arab Republic);Syrie (République arabe syrienne);Syrien (Arabische Republik Syrien);Syria (Jamhuri ya Kiarabu ya Syria);Siria (República Árabe Siria);Síria (República Árabe Síria)
TCD;Chad;TD;+235;f;0;Chad;Tchad;Tschad;Chad;Chad;Chade
TGO;Togo;TG;+228;f;0;Togo;Togo;Togo;Togo;Togo;Togo
THA;Thailand;TH;+66;f;0;Thailand;Thaïlande;Thailand;Thailand;Tailandia;Tailândia
TJK;Tajikistan;TJ;+992;f;0;Tajikistan;Tadjikistan;Tadschikistan;Tajikistan;Tayikistán;Tajiquistão
TKL;Tokelau;TK;+690;f;0;Tokelau;Tokelau;Tokelau;Tokelau;Tokelau;Toquelau
TKM;Turkmenistan;TM;+993;f;0;Turkmenistan;Turkménistan;Turkmenistan;Turkmenistan;turkmenistán;Turcomenistão
TLS;East Timor;TS;+670;f;0;East Timor;Timor-Oriental;Osttimor;Timor ya Mashariki;Timor Oriental;Timor Leste
TON;Tonga;TO;+676;f;0;Tonga;Tonga;Tonga;Tonga;tonga;Tonga
TTO;Trinidad and Tobago;TT;+1868;f;0;Trinidad and Tobago;Trinidad et Tobago;Trinidad und Tobago;Trinidad na Tobago;Trinidad y Tobago;Trindade e Tobago
TUN;Tunisia;TN;+216;f;0;Tunisia;Tunisie;Tunesien;Tunisia;Túnez;Tunísia
TUR;Turkey;TR;+90;f;0;Turkey;Turquie;Truthahn;Uturuki;Pavo;Peru
TUV;Tuvalu;TV;+688;f;0;Tuvalu;Tuvalu;Tuvalu;tuvalu;tuvalu;tuvalu
TWN;Taiwan;TW;+886;f;0;Taiwan;Taiwan;Taiwan;Taiwan;Taiwan;Taiwan
TZA;Tanzania;TZ;+255;f;0;Tanzania;Tanzanie;Tansania;Tanzania;Tanzania;Tanzânia
UGA;Uganda;UG;+256;f;0;Uganda;Ouganda;Uganda;Uganda;Uganda;Uganda
UKR;Ukraine;UA;+380;f;0;Ukraine;Ukraine;Ukraine;Ukraine;Ucrania;Ucrânia
URY;Uruguay;UY;+598;f;0;Uruguay;Uruguay;Uruguay;Uruguay;Uruguay;Uruguai
USA;United States;US;+1;f;0;United States of America;Etats-Unis d'Amérique;vereinigte Staaten von Amerika;Amerika;Estados Unidos de América;Estados Unidos da América
UZB;Uzbekistan;UZ;+1340;f;0;Uzbekistan;Ouzbékistan;Usbekistan;Uzbekistan;Uzbekistán;Uzbequistão
VAT;Vatican;VT;+379;f;0;Vatican;Vatican;Vatikan;Vatican;Vaticano;Vaticano
VCT;Saint Pierre and Miquelon;PM;+508;f;0;Saint Vincent and the Grenadines;Saint Vincent et Grenadines;St. Vincent und die Grenadinen;Saint Vincent na Grenadines;San Vicente y las Granadinas;São Vicente e Granadinas
VEN;Venezuela;VE;+678;f;0;Venezuela;Vénézuela;Venezuela;Venezuela;Venezuela;Venezuela
VNM;Vietnam;VN;+58;f;0;Vietnam;Viet Nam;Vietnam;Vietnam;Vietnam;Vietnã
VUT;Vanuatu;VU;+998;f;0;Vanuatu;Vanuatu;Vanuatu;Vanuatu;Vanuatu;Vanuatu
WSM;Samoa;WS;+685;f;0;Samoa;Samoa;Samoa;Samoa;samoa;Samoa
XXX;United States Minor Outlying Islands;UM;+246;f;0;Unknown;Inconnu;Unbekannt;Haijulikani;Desconocido;Desconhecido
YEM;Yemen;YE;+967;f;0;Yemen;Yemen;Jemen;Yemen;Yemen;Iémen
ZAF;South Africa;ZA;+27;f;0;South Africa;Afrique du Sud;Südafrika;Africa Kusini;Africa del Sur;África do Sul
ZMB;Zambia;ZM;+260;f;0;Zambia;Zambie;Sambia;Zambia;Zambia;Zâmbia
ZWE;Zimbabwe;ZW;+263;f;0;Zimbabwe;Zimbabwe;Zimbabwe;Zimbabwe;Zimbabue;Zimbábue
