key_;tag;ext_mapping;comment_;isdefault;preforder;Unknown;FRENCH;RELIGIOUS AND FRENCH COOPERATIVE;NON-ECOWAS NATIONAL;OTHER
____;adm_reason;____;Header;f;9999;0;3;1;2;99
00;0;UNKNOWN;;f;0;0;0;0;0;0
04;4;NEW_REQUEST;;f;0;300000;150000;35000;300000;300000
10;10;CARD_PICKUP;;f;0;0;0;0;0;0
11;11;REISSUANCE;;f;0;0;0;0;0;0
20;20;CORRECTION;;f;0;0;0;0;0;0
21;21;MODIFICATION;;f;0;300000;150000;35000;300000;300000
22;22;PAYMENT_CORRECTION;;f;0;0;0;0;0;0
23;23;PENALTY;;f;0;0;0;0;0;0
24;24;PENALTY_MODIFICATION;;f;0;0;0;0;0;0
30;30;DUPLICATE;;f;1;300000;150000;35000;300000;300000
31;31;RENEWAL;;f;2;300000;150000;35000;300000;300000
32;32;CHANGE_REQUEST;;f;3;300000;150000;35000;300000;300000
90;90;REMOVE_REQUEST;;f;10;0;0;0;0;0
99;99;OTHER;;f;11;0;0;0;0;0