MAIN SECTION;PMT CODE;PMT CODE OPTION;PMTLABEL;de;en;es;fr;sw
a;;;REGISTRATION STATION;Anmeldestation;Registration station;estación de registro;station d'enregistrement;Registration station
a;uuid;;Group ID;;Unique ID;;ID unique;Kitambulisho cha kipekee
a;a_id;;Registration Center ID;;Registration Center ID;;ID du centre d'inscription;Kitambulisho cha Kituo cha Usajili
a;a_name;;Registration Center Name;;Registration Center Name;;Nom du centre d'inscription;Jina la Kituo cha Usajili
a;a1;;Created Date;;Creation Date;;Date de création;Tarehe ya uumbaji
a;a2a;;Region Code;;Region Code;;Code de région;Msimbo wa Mkoa
a;a2b;;Region;;Region;;Région;Mkoa
a;a3a;;Department Code;;Department Code;;Code du département;Kanuni ya Idara
a;a3b;;Department Name;;Department Name;;Nom du département;Jina la Idara
a;a4a;;Locality Code;;Locality Code;;Code de la localité;Locality Code
a;a4b;;Locality Name;;Locality Name;;Nom de la localité;Locality Name
a;A10;;REGCENTER Type;;Reg Center Type;;Type de centre d'enregistrement;Aina ya Kituo cha Usajili
a;A10;01;Registration Center;Registrierungscenter;Registration Center;Centro de Registro;Centre d'enregistrement;Kituo cha Usajili
a;A10;99;Other;;Other;;Autre;Nyingine
a;A11;;REGCENTER is permanent;;Reg Center is permanent;;Reg Center est permanent;Kituo cha Usajili ni cha kudumu
a;A11;01;Unknown;;Unknown;;Inconnue;Haijulikani
a;A11;02;Yes;;Yes;;Oui;Ndio
a;A11;03;No;;No;;Non;Hapana
b;;;Registration Information;Mitgliedsregistrierungsinformationen;Registration Information;la información de registro de miembros;Informations d'enregistrement membres;Habari ya Usajili wa Wanachama
b;ageatregistration;;Age at Registration;Alter bei Registrierung;Age at registration;Edad de registro;Age à l'inscription;Umri wakati wa usajili
b;agegroup;;Agegroup;Altersgruppe;Age Group;grupo de edad;groupe d'âge;Kikundi cha Umri
b;assigned_group;;Enrollment Site;;Enrollment Site;;Site;Tovuti ya Usajili
b;b32;;Facial;Foto;Photo;Foto;Photo;Picha
b;b4;;Relationship to Group;Mitgliedschaft;Relationship to Group;pensionado;retraité;Uhusiano na Kikundi
b;b4;01;Head;Kopf;Head;Cabeza;Tête;Kichwa
b;b4;02;Registered;Registriert;Registered;;Inscrit;Imesajiliwa
b;b4;03;Transferred;Transferiert;Transferred;;Transféré;Imehamishwa
b;countryofbirth;;Country of Birth;Geburtsland;Country of Birth;País de nacimiento;Pays de naissance;Nchi ya kuzaliwa
b;crt_id_card_activated;;Current IDCARDACTIVATED;Aktivierungsdatum für die aktuelle ID-Karte;Card Activation Date;Fecha de activación de la tarjeta de identificación actual.;Date d'activation de la carte;Tarehe ya Uanzishaji wa Kadi
b;crt_id_card_id;;Current IDCARDID;Aktuelle ID-Kartennummer;Card ID;Número de tarjeta de identificación actual;ID de la carte;Kitambulisho cha Kadi
b;crt_id_card_status;;Current IDCARDSTATUS;Aktuelle ID-Karte aktiv?;Card Status;Tarjeta de identificación real activa?;Statut de la carte;Hali ya Kadi
b;date_of_birth;;Date of Birth;Geburtsdatum;Date of Birth;fecha de nacimiento;Date de Naissance;Tarehe ya kuzaliwa
b;date_of_birth_known;;Date of Birth known;Geburtsdatum bekannt?;Date of Birth known?;Fecha de nacimiento conocida?;Date de naissance connue?;Tarehe ya kuzaliwa inayojulikana
b;fathersname;;Fathersname;;Father's last name;;Nom de famille du père;Jina la mwisho la baba
b;firstnames;;First Names;Vornamen;First Name;primer nombre;Prénom;Majina ya kwanza
b;gender;;Gender;Geschlecht;Gender;sexo;Sexe;Jinsia
b;gender;00;Unknown;Unkekannt;Unknown;Unkekannt;Unkekannt;Haijulikani
b;gender;01;Male;Männlich;Male;masculino;Mâle;Mwanaume
b;gender;02;Female;Weiblich;Female;femenino;Femelle;Mwanamke
b;incomplete;;Is Incomplete;Unvollständige Registrierung;Incomplete Registration;Inscripción incompleta;Inscription incomplète;Usajili ambao haujakamilika
b;legacy_person_id;;Legacy Person ID;Originale Nummer;License No;Número original;Numéro de licence;Namba ya leseni
b;maidenname;;Maidenname;Geburtsname;Maiden Name;nombre de nacimiento;nom de naissance;Jina la msichana
b;marital_status;;Marital Status;Ehestand;Marital status;matrimonio;Situation matrimoniale;Hali ya ndoa
b;marital_status;00;Unknown;Unbekannt;Unknown;desconocido;inconnu;Haijulikani
b;marital_status;01;Single;Single;Single;solo;unique;Mseja
b;marital_status;02;Married;Verheiratet;Married;casado;marié;Kuolewa
b;marital_status;03;Divorced;Geschieden;Divorced;divorciado;divorcé;Talaka
b;marital_status;04;Separated;Getrennt;Separated;apartado;séparé;Kinachotenganishwa
b;marital_status;05;Widowed;Verwitwet;Widowed;viudo;devenue veuve;Mjane
b;marital_status;06;Religiously Married;;Religiously Married;;Marié religieusement;Ndoa ya Kidini
b;marital_status;07;Married according to custom;;Married according to custom;;Marié selon la coutume;Kuoa kulingana na desturi
b;marital_status;99;Other;Andere;Other;otro;Autre;Nyingine
b;mothersname;;Mothersname;;Mother's last name;;Nom de famille de la mère;Jina la mwisho la mama
b;nationality;;Nationality;;Nationality;;Nationalité;Utaifa
b;nationalitycode;;Nationality Code;;Nationality Code;;Code de nationalité;
b;nationalitycode;00;Unknown;;Unknown;;Unkekannt;Haijulikani
b;nationalitycode;99;Other;;Other;;Nationalité;Autre
b;n_o_k;;Next of Kin Name;;Next of Kin Name(Full Name);;Le plus proche parent(Nom complet);Jina la Jamaa wa Karibu (Jina Kamili)
b;n_o_k_phone;;Next of Kin Phone Contact;;Next of Kin Phone Number;;Numéro de téléphone le plus proche de Kin;Nambari ya Simu la Jamaa wa Karibu
b;other_names_1;;Other Names 1;Andere Namen (1);Middle Name;Otros nombres (1);Deuxième nom;Jina la Kati
b;other_names_2;;Other Names 2;Andere Namen (2);Other Names (2);Otros nombres (2);Autres noms (2);
b;place_of_birth_code;;Place of Birth Code;Geburtsort;Place of Birth ID;lugar de nacimiento;ID de lieu de naissance;
b;public_person_id;;Voter ID;Wähler-ID;Voter ID;ID del votante;ID électeur;
b;surname;;Surname;Nachname;Surname;apellido;Nom de famille;Jina la Ukoo
b;tin;;Tax Identification;;Tax Identification Number;;Numéro d'identification fiscale (TIN);Nambari ya Kitambulisho cha Ushuru
b;uuid;;SUBJECT ID;;Unique ID;;Identifiant unique;Mtu UID
b;virtual;;Is Virtual;Virtuelle Registrierung?;Is Virtual?;Registro virtual?;Inscription virtuelle?;
b;occupation;;Profession;;Profession;;Profession;Taaluma
b;occupationcode;;Occupation Code;;Occupation Code;Code de profession;Kanuni ya Kazi;Kazi
b;occupationcode;00;Unknown;;Unknown;;Unkekannt;Haijulikani
b;occupationcode;01;Adult;;;;Adulte;Mtu mzima
b;occupationcode;02;Minor;;;;Mineure;
b;occupationcode;98;Official;;Official;;Official;Rasmi
b;occupationcode;99;Other;;Other;;Nationalité;Autre
b;pr;;Number Pending Requests;;Number of Pending Requests;Number Pending Requests;Nombre de demandes en attente;
b;nationalidno;;NationalIdNo;nationale ID-Nr;National ID No;ID nacional no;Numéro d'identification national;Namba ya kitambulisho cha taifa
b;p_pay_trans;;Payment Transaction Id;;Initial Payment Transaction ID;;ID de transaction de paiement initial;Kitambulisho cha Malipo ya Awali
b;p_pay_ref;;Payment Reference;;Initial Payment Reference;;Référence de Paiement Initial;Rejea ya Awali ya Malipo
b;p_pay_date;;Payment Date;;Initial Payment Date;;Date de Paiement Initial;Tarehe ya Malipo ya Awali
b;p_pay_mobile;;Payment Mobile;;Initial Payment Mobile;;Mobile de Paiement Initial;Malipo ya awali ya simu ya rununu
b;p_pay_amount;;Payment Amount;;Initial Payment Amount;;Montant du Paiement Initial;Kiasi cha Malipo ya Awali
b;p_pay_type;;Payment Type;;Initial Payment Type;;Type de Paiement Initial;Aina ya Malipo ya Awali
b;p_pay_type;00;Unknown;;Unknown;;Inconnue;Haijulikani
b;p_pay_type;01;New Registration;;New Registration;;Nouvelle inscription;Usajili Mpya
b;p_pay_type;02;Reregistration;;Re-Registration;;Réinscription;Usajili upya
b;p_pay_type;03;Replacement Card;;Replacement Card;;Carte de remplacement;Kadi ya badala
b;p_pay_type;04;General Fee;;General Fee;;Frais généraux;Ada ya Jumla
b;p_pay_type;05;General Penalty;;General Penalty;;Pénalité générale;Adhabu ya Jumla
b;p_pay_type;99;Other;;Other;;Autre;Nyingine
b;p_pay_provider;;Payment Provider;;Initial Payment Provider;;Fournisseur de paiement initial;Mtoaji wa Malipo ya Awali
b;p_pay_type_detail;;Payment Type Reference;;Initial Payment Type Reference;;Détails du type de Paiement Initial;Maelezo ya Aina ya Malipo ya Awali
b;p_pay_officerid;;Payment Type Officer ID;;Initial Payment Officer ID;;ID de l'agent de paiement initial;Kitambulisho cha Afisa wa Malipo wa Awali
b;p_pay_stationid;;Payment Type Station ID;;Initial Payment Station ID;;ID du lieu de paiement initial;Kitambulisho cha Kituo cha Malipo cha Awali
b;l_pay_trans;;Payment Transaction Id;;Last Payment Transaction ID;;ID de la dernière transaction de paiement;Kitambulisho cha Malipo ya Mwisho
b;l_pay_ref;;Payment Reference;;Last Payment Reference;;Référence de Paiement Final;Rejea ya Mwisho ya Malipo
b;l_pay_date;;Payment Date;;Last Payment Date;;Date de Paiement Final;Tarehe ya mwisho ya Malipo
b;l_pay_mobile;;Payment Mobile;;Last Payment Mobile;;Paiement Final Mobile;Simu ya Malipo ya hivi karibuni
b;l_pay_amount;;Payment Amount;;Last Payment Amount;;Montant du Paiement Final;Kiasi cha Malipo ya Mwisho
b;l_pay_type;;Payment Type;;Last Payment Type;;Type de Paiement Final;Aina ya Malipo ya Mwisho
b;l_pay_type;00;Unknown;;Unknown;;Inconnue;Haijulikani
b;l_pay_type;01;New Registration;;New Registration;;Nouvelle inscription;Usajili Mpya
b;l_pay_type;02;Reregistration;;Re-Registration;;Réinscription;Usajili upya
b;l_pay_type;03;Replacement Card;;Replacement Card;;Carte de remplacement;Kadi ya badala
b;l_pay_type;04;General Fee;;General Fee;;Frais généraux;Ada ya Jumla
b;l_pay_type;05;General Penalty;;General Penalty;;Pénalité générale;Adhabu ya Jumla
b;l_pay_type;99;Other;;Other;;Autre;Nyingine
b;l_pay_provider;;Payment Provider;;Last Payment Provider;;Dernier fournisseur de paiement;Mtoaji wa Malipo ya Mwisho
b;l_pay_type_detail;;Payment Type Reference;;Last Payment Type Reference;;Détails du type de Paiement Final;Maelezo ya Aina ya Malipo ya Mwisho
b;l_pay_officerid;;Payment Type Officer ID;;Last Payment Officer ID;;ID du dernier responsable des paiements;Kitambulisho cha Mwisho wa Afisa Malipo
b;l_pay_stationid;;Payment Type Station ID;;Last Payment Station ID;;ID de la dernière station de paiement;Kitambulisho cha Kituo cha Malipo cha Mwisho
b;p_exop_role;;exop_role;;Roles;;Rôles;Majukumu
b;p_exop_role;00;Unknown;;Unknown;;Inconnue;Haijulikani
b;p_exop_role;01;Administrator;;Administrator;;Administrateur;Administrator
b;p_exop_role;02;Supervisor;;Supervisor;;Superviseur;Msimamizi
b;p_exop_role;03;Operator;;Operator;;Opérateur;Opereta
b;p_exop_role;04;Cashier;;Cashier;;La caissière;Keshia
b;p_exop_role;99;Other;;Other;;Autre;Nyingine
b;p_exop_status;;Operator Status;;Status;;Statut;Hali
b;p_exop_status;00;UNDEFINED;Nicht definiert;Undefined;No definido;Non défini;Haijafafanuliwa
b;p_exop_status;01;ACTIVE;Aktiv;Active;activamente;Activement;Inatumika
b;p_exop_status;02;DECEASED;Verstorbene;Deceased;fallecido;Décédé;Marehemu
b;p_exop_status;03;IGNORE;Ignoriert;Ignored;ignorado;Ignoré;Imepuuzwa
b;p_exop_status;04;PERMANENT_REMOVED;Dauerhaft entfernt;Permanently removed;Eliminado permanentemente;Définitivement supprimé;Imeondolewa kabisa
b;p_exop_status;05;TEMPORARY_REMOVED;Vorübergehend entfernt;Temporarilly removed;Eliminado temporalmente;Temporairement retiré;Imeondolewa kwa muda
b;p_exop_userid;;User ID;;User ID;;ID d'utilisateur;Kitambulisho cha Mtumiaji
b;client_status;;Client Status;Kundenstatus;Client Status;Estado del cliente;Statut du client;Hali ya Mteja
b;client_status;00;Unknown;;Unknown;;Inconnue;Haijulikani
b;client_status;01;"religious and french cooperative";;"religious and french cooperative";;Religieuse et coopérant français;
b;client_status;02;non-ecowas national;;non-ecowas national;;Nationalité hors-CEDEAO;
b;client_status;03;French;;French;;Français;
b;client_status;99;Other;;Other;;Autre;Nyingine
b;spousename;;Spouse Name;;Spouse Name;;Nom de l'épouse;Jina la Mwenzi
b;height;;Height;;Height (cm);;Taille (cm);Urefu (cm)
b;fathersname_first;;FathersnameFirst;;Father's first name;;Prénom du père;Jina la kwanza la Baba
b;fathersname_birthdate;;FathersnameBirthdate;;Birth Date of the Father;;Date de naissance du père;Tarehe ya Kuzaliwa kwa Baba
b;fathersname_birthplace;;FathersnameBirthplace;;Birth Place of the Father;;Lieu de naissance du père;Mahali pa kuzaliwa kwa baba
b;mothersname_first;;MOTHERsnameFirst;;Mother's first name;;Prénom de la mère;Jina la kwanza Mama
b;mothersname_birthdate;;MOTHERsnameBirthdate;;Birth Date of the Mother;;Date de naissance de la mère;Tarehe ya Kuzaliwa kwa Mama
b;mothersname_birthplace;;MOTHERsnameBirthplace;;Birth Place of the Mother;;Lieu de naissance de la mère;Mahali pa kuzaliwa kwa Mama
b;tutorsname;;TUTORSname;;Tutor's last name;;Nom de famille du tuteur;Tutor's last name
b;tutorsname_first;;TUTORSnameFirst;;Tutor's first name;;Prénom du Tuteur;Jina la kwanza Tutor
b;tutorsname_birthdate;;TUTORSnameBirthdate;;Birth Date of the Tutor;;Date de naissance du tuteur;Tarehe ya Kuzaliwa ya Mkufunzi
b;tutorsname_birthplace;;TUTORSnameBirthplace;;Birth Place of the Tutor;;Lieu de naissance du tuteur;Mahali pa kuzaliwa kwa Mkufunzi
b;disability;;Disability;;Disability;;Invalidité;Ulemavu
b;disability;00;Unknown;;Unknown;;Inconnue;Haijulikani
b;disability;01;No fingerprints;;No fingerprints;;Pas d'empreinte digitale;Hakuna alama za vidole
b;disability;02;Albino;;Albino;;Albinos;Albino
b;disability;03;Reduced motor skills lower limbs;;Reduced motor skills lower limbs;;Motricité réduite des membres inférieurs;Kupunguza ujuzi wa magari ya miguu ya chini
b;disability;04;Reduced motor skills upper limbs;;Reduced motor skills upper limbs;;Motricité réduite des membres supérieurs;Kupunguza ujuzi wa magari ya viungo vya juu
b;disability;05;Psychic;;Psychic;;Psychique;
b;disability;06;Deafness;;Deafness;;Surdité;Uziwi
b;disability;07;Blind;;Blind;;Aveugle;Vipofu
b;disability;99;Other;;Other;;Autre;Nyingine
b;place_of_birth;;Place of Birth;;Place of Birth;;Lieu de naissance;Mahali pa Kuzaliwa
b;distribution_site;;Distribution Site;;Distribution Site;;Lieu de distribution;Tovuti ya Usambazaji
b;crt_id_trigger;;Card Replace Trigger;;Card Replace Trigger;;Déclencheur de remplacement de carte;
b;current_adm_id;;Current Admission ID;;Current Admission ID;;ID d'admission actuel;
b;current_adm_flow_status;;Current Admission Flow Status;;Current Admission Flow Status;;Statut actuel du flux d'admission;
b;current_adm_flow_status;00;New ;;New ;;Nouveau;Mpya
b;current_adm_flow_status;01;Incomplete;;Incomplete;;Incomplet;Haijakamilika
b;current_adm_flow_status;10;Submitted;;Submitted;;Envoyé;Imewasilishwa
b;current_adm_flow_status;11;Pending;In Bearbeitung;Pending;En progreso;En cours;Inasubiri
b;current_adm_flow_status;12;In Review;In Analyse;In review;En analisis;En analyse;Kwa ukaguzi
b;current_adm_flow_status;20;Confirmed;;Confirmed;;Confirmé;Imethibitishwa
b;current_adm_flow_status;21;Finalized;;Finalized;;Finalisé;
b;current_adm_flow_status;30;Rejected;;Rejected;;Rejeté;
b;current_adm_flow_status;40;Rejected Update Required;;Rejected Update Required;;Mise à jour refusée requise;
b;current_adm_flow_status;41;Rejected with Penalty;;Rejected with Penalty;;Refus avec pénalité;
b;current_adm_flow_status;99;Other;;Other;;Autre;Nyingine
b;current_adm_date;;Admission Date;;Admission Date;;Date d'admission;
b;p_exop_lastdate;;exop_last_date;;Exop Last Date;;Dernière date d'exop;
ba;;;Adjudication;Registrierungsanalyse;Adjudication;El análisis de registro;Analyse d'enregistrement;Azimio
ba;ba1;;Adjudication Status;Status Registrierungsanalyse;Adjudication Status;Análisis de registro de estado;Analyse d'enregistrement de statut;Hali ya Uamuzi
ba;ba1;00;UNDEFINED;Nicht definiert;Undefined;No definido;Non défini;Haijafafanuliwa
ba;ba1;01;DUPLICATES;Mehrere Registrierungen;Duplicates;Varias inscripciones;Duplicata;Nakala
ba;ba1;02;PROCESSING_ERROR;Prozessfehler;Processing Error;error de proceso;Erreur de processus;Kosa la kuchakata
ba;ba1;03;IGNORED;Ignoriert;Ignored;ignorado;Ignoré;Imepuuzwa
ba;ba1;04;NO_DUPLICATES;Eindeutige Registrierung;No duplicates;Registro único;Inscription unique;Hakuna nakala
ba;ba2;;Process Status;Prozessstatus;Process Status;estado del proceso;état du processus;Hali ya Mchakato
ba;ba2;00;UNDEFINED;Nicht definiert;Undefined;No definido;Non défini;Haijafafanuliwa
ba;ba2;01;ADJUDICATED;Analysiert;Adjudicated;analizado;Analysé;Iliyohukumiwa
ba;ba2;02;PROCESSING_ERROR;Prozessfehler;Processing Error;error de proceso;erreur de processus;Kosa la kuchakata
ba;ba2;03;PENDING;In Bearbeitung;Pending;En progreso;En cours;Inasubiri
ba;ba2;04;IGNORED;Ignoriert;Ignored;ignorado;ignoré;Imepuuzwa
ba;ba2;05;IN_REVIEW;In Analyse;In review;En analisis;En analyse;Kwa ukaguzi
ba;ba3;;Date Entered;Eingangsdatum;Date entered;fecha de recepción;date de réception;Tarehe iliyoingizwa
ba;ba4;;Date Duplicated;Prozessdatum;Deduplication Date;fecha de proceso;date de traitement;Tarehe ya Kunakiliwa
ba;ba5;;Last Date Duplicated;Lefetes Prozessdatum;Last Date Deduplicated;Fecha del último proceso;Date du dernier traitement;Tarehe ya Mwisho Kunakiliwa
ba;ba6;;Last Date Adjudicated;Lefees Analyse;Last Date Adjudicated;Ultimo analisis;Dernière analyse;Tarehe ya Hivi Punde Kuhukumiwa
ba;ba7;;Process Error Code;Fehlercode Prozess;Process Error Code;Proceso de código de error;Processus de code d'erreur;Msimbo wa Hitilafu ya Mchakato
ba;ba7;01;NO_BIOGRAPHIC_DATA_FOUND;Keine biografischen Daten gefunden;No Biographic data found;No se han encontrado datos biográficos.;Aucune donnée biographique trouvée;Hakuna data ya Biografia iliyopatikana
ba;ba7;02;BIOGRAPHIC_FIELDS_MISSING;Biografische Felder fehlen;Biographic fields missing;Faltan campos biográficos;Les champs biographiques sont manquants;Sehemu za wasifu hazipo
ba;ba7;03;ERROA_RETRIEVING_BIOGRAPHIC_DATA;Fehler beim Abrufen der biografischen Daten;Error retrieving Biographic data;Error al obtener datos biográficos;Erreur lors de l'obtention des données biographiques;Hitilafu katika kurudisha takwimu ya Biografia
ba;ba7;04;NO_REGISTRATION_DATA_FOUND;Keine Registrierungsdaten gefunden;No Registration data found;No se encontraron datos de registro;Aucune donnée d'enregistrement trouvée;Hakuna takwimu ya Usajili iliyopatikana
ba;ba7;05;REGISTRATION_FIELDS_MISSING;Registrierungsfelder fehlen;Registration fields missing;Faltan campos de registro;Les champs d'inscription sont manquants;Sehemu za usajili hazipo
ba;ba7;06;ERROA_RETRIEVING_REGISTRATION_DATA;Fehler beim Abrufen der Registrierungsdaten;Error retrieving Registration data;Error al recuperar los datos de registro;Erreur lors de la récupération des données d'enregistrement;Hitilafu katika kurudisha takwimu ya Usajili
ba;ba7;07;NO_BIOMETRIC_DATA_FOUND;Keine biometrischen Daten gefunden;No Biometric data found;No se encontraron datos biométricos;Aucune donnée biométrique trouvée;Hakuna takwimu ya Biometri iliyopatikana
ba;ba7;08;BIOMETRIC_FIELDS_MISSING;Biometrische Felder fehlen;Biometric fields missing;Faltan campos biométricos;Les champs biométriques sont manquants;Sehemu za biometri hazipo
ba;ba7;09;ERROA_RETRIEVING_BIOMETRIC_DATA;Fehler beim Abrufen der biometrischen Daten;Error retrieving Biometric data;Error al obtener datos biométricos;Erreur lors de l'obtention des données biométriques;Hitilafu katika kurudisha takwimu ya Biometriska
ba;ba7;10;NO_ADJUDICATION_PROFILE_FOUND;Kein Bewertungsprofil gefunden;No Adjudication profile found;No se ha encontrado ningún perfil de calificación.;Aucun profil d'évaluation trouvé;Hakuna wasifu wa Uamuzi uliopatikana
ba;ba7;11;NO_ADJUDICATION_STATUS_FOUND;Kein Adjudication Status gefunden;No Adjudication status found;No se encontró un estado de adjudicación;Aucun statut d'adjudication trouvé;Hakuna hali ya Uhukumu iliyopatikana
ba;ba7;12;NO_ADJUDICATION_PROCESS_FOUND;Kein Entscheidungsprozess gefunden;No Adjudication process found;No se encontró un proceso de toma de decisiones;Aucun processus décisionnel trouvé;Hakuna mchakato wa Uamuzi uliopatikana
ba;ba7;13;INVALID_WORKFLOW_PROCESS_VARIABLE_FOUND;Ungültige Workflow-Prozessvariable gefunden;Invalid Workflow process variable found;Se encontró una variable de proceso de flujo de trabajo no válida;Variable de processus de flux de travail non valide trouvée;Utofauti wa mchakato wa Utiririshaji wa kazi umepatikana
ba;ba7;14;NULL_WORKFLOW_PROCESS_VARIABLE_FOUND;Null-Workflow-Prozessvariable;Null Workflow process variable;variable de proceso de flujo de trabajo Null;variable de processus de flux de travail Null;Mchakato wa sufuri wa utiririshaji wa kazi  hubadilika
ba;ba7;15;WORKFLOW_PROCESS_NOT_STARTED;Workflow-Prozess nicht gestartet;Workflow process not started;Proceso de flujo de trabajo no iniciado;Processus de workflow non démarré;Mchakato wa utiririshaji wa kazi haujaanza
ba;ba7;16;WORKFLOW_ENGINE_NOT_INITIALIZED;Workflow-Engine nicht initialisiert;Workflow engine not initialized;Motor de flujo de trabajo no inicializado;Moteur de workflow non initialisé;Injini ya mtiririko wa kazi haijaanzishwa
ba;ba7;17;DEDUPLICATION_ERROR;Deduplizierungsfehler;Deduplication error;Deduplizierungsfehler;Deduplizierungsfehler;Hitilafu ya udanganyifu
badr;;;Addresses;Adressen;Addresses;direcciones;adresses;Anwani
badr;badradr1;;ADDRESS_BUSINESS;Geschäftsadresse;Business Address;dirección comercial;adresse commerciale;
badr;badradr3;;ADDRESS_OTHER_RES;Andere Wohnadresse;Other Residential Address;Otra direccion residencial;Autre adresse résidentielle;
badr;badradr5;;ADDRESS_OTHER;Andere Adresse;Other Address ;Otra direccion;Autre adresse;
badr;badrcc1;;COUNTRYCODE_BUSINESS;Ländercode Geschäft;Business Country Code;Código de país de negocios;Code de pays;Nambari ya Biashara ya Nchi
badr;badrcc3;;COUNTRYCODE_OTHER_RES;Ländercode andere Wohnung;Other Residential Countrycode;Código del país otro apartamento;Code pays autre appartement;
badr;badrcc4;;COUNTRYCODE_POSTAL;Postleifeahl;Postal Countrycode;código postal;code postal;
badr;badrcc5;;COUNTRYCODE_OTHER;Anderee Ländercode;Other Countrycode;Código de otro país;Autre code pays;
badr;badrdet1;;DETAIL_ADDRESS_BUSINESS;;Address Detail Business;;Adresse détail entreprise;
badr;badrdet3;;DETAIL_ADDRESS_OTHERRES;;Address Detail Other Residence;;Adresse Détail Autre Résidence;
badr;badrdet5;;DETAIL_ADDRESS_OTHER;;Address Detail Other;;Adresse détaillée AUTRE;
badr;badrpc1;;POSTCODE_BUSINESS;Postleifeahl Geschäft;Business Postcode;Código postal de negocios;Code postal entreprise;
badr;badrpc3;;POSTCODE_OTHER_RES;Andere Wohnung Postleifeahl;Other Residential Postcode;Código postal del otro apartamento;Autre code postal de l'appartement;
badr;badrpc5;;POSTCODE_OTHER;Andere Postleifeahl;Other Postcode;Otro código postal;Autre code postal;
badr;badrpc2;;POSTCODE_PRIM_RES;;Residence locality;;Localité de résidence;Residence locality
badr;badrcc2;;COUNTRYCODE_PRIM_RES;;Residence address;;Adresse de résidence;Anwani ya Makazi
badr;badradr2;;ADDRESS_PRIM_RES;;Residence region;;Région de résidence;Residence region
badr;badrdet2;;DETAIL_ADDRESS_RES;;Residence department;;Département de résidence;Residence department 
badr;badrpc4;;POSTCODE_POSTAL;;Postal address code;;Code postal de résidence;Msimbo wa anwani ya posta
badr;badradr4;;ADDRESS_POSTAL;;Postal address locality;;Localité de l'adresse postale;Postal address locality
badr;badrdet4;;DETAIL_ADDRESS_POSTAL;;Postal address box;;Boîte postale de résidence;Sanduku la anwani ya posta
bct;;;Contacts;Kontakte;Contacts;contactos;contacts;Mawasiliano
bct;bct1;;EMAIL;Email;Email;esmalte;émail;Barua Pepe
bct;bct2;;PHONE1;Telefon 1;Phone 1;Telefono 1;Téléphone 1;
bct;bct3;;PHONE2;Telefon 2;Phone 2;Telefono 2;Téléphone 2;
bct;bct4;;PHONE3;Telefon 3;Phone 3;Telefono 3;Téléphone 3;
bct;bct5;;MOBILE1;Handy 1;Personal Mobile Phone No 1;Teléfono móvil 1;Téléphone portable Non 1;Simu ya Kibinafsi ya kibinafsi No 1
bct;bct6;;MOBILE2;Handy 2;Personal Mobile Phone No 2;Teléfono móvil 2;Téléphone portable Non 2;Simu ya Kibinafsi ya kibinafsi No 2
bct;bct7;;MOBILE3;Handy 3;Personal Mobile Phone No 3;Teléfono móvil 3;Téléphone portable Non 3;Simu ya Kibinafsi ya kibinafsi No 3
bct;bct8;;MAILBOX;Briefkasten;Mailbox;buzón;boîte aux lettres;
bct;bct9;;OTHER_CT;Anderer Kontakt;Other Contact;Otro contacto;Autre contact;
be;;;Eligibility;Teilnahmeberechtigung;Eligibility;elegibilidad;Admissibilité;Kustahiki
be;be1;;Person Status;Aktueller Status;Current Status;Estado actual;État actuel;Hali ya Mtu
be;be1;00;UNDEFINED;Nicht definiert;Undefined;No definido;Non défini;Haijafafanuliwa
be;be1;01;ACTIVE;Aktiv;Active;activamente;Activement;Inatumika
be;be1;02;DECEASED;Verstorbene;Deceased;fallecido;Décédé;Marehemu
be;be1;03;IGNORE;Ignoriert;Ignored;ignorado;Ignoré;Imepuuzwa
be;be1;04;PERMANENT_REMOVED;Dauerhaft entfernt;Permanently removed;Eliminado permanentemente;Définitivement supprimé;Imeondolewa kabisa
be;be1;05;TEMPORARY_REMOVED;Vorübergehend entfernt;Temporarilly removed;Eliminado temporalmente;Temporairement retiré;Imeondolewa kwa muda
be;be2;;Verified On;Bestätigt am;Verified On;Confirmado en;Confirmé le;Imethibitishwa
be;be3;;Verified By;Geprüft von;Verified By;Revisado por;Vérifié par;Imethibitishwa na
be;bepr;;Primary Review On;;Primary Review On;Primary Review On;Examen principal activé;
be;besr;;Secondary Review On;;Secondary Review On;Secondary Review On;Examen secondaire activé;
be;berc;;Review Complete;;Review Complete;Review Complete;Examen terminé;
bid;;;Identifications;Identifikationen;Identifications;identificaciones;identifications;Vitambulisho
bid;ci_identificationtype;;Identification Type;Identifikationstyp;Identification Type;tipo de identificación;Type d'identification;Aina ya kitambulisho
bid;ci_identificationtype;01;NATIONAL_ID;Personalausweis;National ID;carnet de identidad;Carte d'identité;NIDA
bid;ci_identificationtype;02;PASSPORT;Reisepass;Passport Number;pasaporte;Numéro de passeport;Nambari ya pasipoti
bid;ci_identificationtype;03;CIVIL SERVICE ID;ZIVILSERVICE-ID;Civil Service ID;ID DE SERVICIO CIVIL;Immatricule;
bid;ci_identificationtype;04;BIRTH_CERTIFICATE;Geburtsurkunde;Birth Certificate;certificado de nacimiento;Certificat de naissance;
bid;ci_identificationtype;05;BIRTH_NOTIFICATION_CARD;Geburtskarte;Birth Notification Card;Geburtskarte;Geburtskarte;
bid;ci_identificationtype;06;DRIVER_LICENSE;Führerschein;Driver license;carnet de conducir;Permis de conduire;
bid;ci_identificationtype;07;STUDENT_ID;Studenten ID;Student ID;Identificación de estudiante;ID étudiant;
bid;ci_identificationtype;08;SOCIAL_SECURITY_ID;Sozialversicherungsausweis;Social Security ID;tarjeta de la seguridad social;Carte de sécurité sociale;
bid;ci_identificationtype;09;VOTER_ID;Wähler ID;Voter ID;Identificación del votante;ID électeur;
bid;ci_identificationtype;10;INSURANCE_ID;Versicherungs-ID;Insurance ID;Identificación de seguro;Assurance ID;
bid;ci_identificationtype;11;ALIEN_ID;Ausländer-ID;Alien ID;Identificación extranjeros;ID étrangers;
bid;ci_identificationtype;99;OTHER;Andere;Other;otro;Autre;Nyingine
bl;;;LastTransaction;Lefete Transaktionsstation;Last Transaction;Estación de la última transacción;Dernière transaction;Shughuli ya Mwisho
bl;bl1;;Last Transaction Date;Lefetes Transaktionsdatum;Last transaction Date;Fecha de la última transacción;Date de la dernière transaction;Tarehe ya mwisho ya manunuzi
bl;bl2;;Last Transaction Center;Lefetes Transaktionszentrum;Last transaction Center;Ultimo centro de transacciones;Dernier centre de transaction;Kituo cha manunuzi cha mwisho
bl;bl3;;Last Transaction Station ID;Lefete Transaktionsstation;Last transaction Station ID;Estación de la última transacción;Dernière station de transaction;Kitambulisho cha Mwisho cha Stesheni
bl;bl4a;;Last Transaction Officer ID;ID des Vorgesefeten der lefeten Transaktion;Last transaction Officer ID;ID del supervisor de la última transacción.;ID du superviseur de la dernière transaction;Kitambulisho cha Afisa shughuli ya mwisho
bl;bl4b;;Last Transaction Officer Name;Name des Vorgesefeten der lefeten Transaktion;Last transaction Officer Name;Nombre del supervisor de la última transacción.;Nom du superviseur de la dernière transaction;Jina la mwisho la Afisa shughuli
br;;;Registration;Anmeldung;Registration;registro;inscription;Usajili
br;br1;;Registration Date;Registrierungsdatum;Registration Date;registro;inscription;Tarehe ya Usajili
br;br2;;Registration Center;Registrierungscenter;Registration Center;Centro de Registro;Centre d'enregistrement;Kituo cha Usajili
br;br3;;Registration Station ID;Registrierungsstation;Registration Station ID;estación de registro;ID de la station d'enregistrement;Kitambulisho cha Kituo cha Usajili
br;br4a;;Registration Officer ID;ID des Registrierungsbeauftragten;Registration Officer ID;ID del registrador;ID du registraire;Kitambulisho cha Afisa Usajili
br;br4b;;Registration Officer Name;Name des Registrierungsbeauftragten;Registration Officer Name;Nombre del registrador;Nom du registraire;Jina la Afisa Usajili
genlst;;;Generic Lists;;Generic Lists;;Listes génériques;Orodha za Kawaida
pay;;;Payment;;Payment;;Paiement;Malipo
pay;pay_reason;;PAY_REASON;;Pay Reason;;Motif du paiement;Sababu ya Malipo
pay;pay_reason;00;UNKNOWN;;UNKNOWN;;Inconnue;Haijulikani
pay;pay_reason;01;CORRECTION;;CORRECTION;;Correction;Marekebisho
pay;pay_reason;02;DUPLICATE;Mehrere Registrierungen;DUPLICATE;Varias inscripciones;Duplicata;Nakala
pay;pay_reason;03;MODIFICATION;;MODIFICATION;;Modification;
pay;pay_reason;04;NEW_REQUEST;;NEW_REQUEST;;Nouvelle requête;Ombi Jipya
pay;pay_reason;06;REISSUANCE;;REISSUANCE;;Réémission;Utoaji upya
pay;pay_reason;07;PAYMENT_CORRECTION;;PAYMENT_CORRECTION;;Correction de paiement;
pay;pay_reason;09;RENEWAL;;RENEWAL;;Renouvellement;
pay;pay_reason;98;PREPAY;;PREPAY;;Prépaiement;
pay;pay_reason;99;OTHER;;OTHER;;Autre;Nyingine
pay;pay_record_id;;PAY_RECORD_ID;;Pay Record ID;;ID d'enregistrement de paiement d'admission;Kitambulisho cha Rekodi ya Malipo
pay;pay_date_confirmed;;PAY_DATE_CONFIRMED;;Pay Date Confirmed;;Date de paiement confirmée;Tarehe ya Malipo Imethibitishwa
pay;pay_amount_required;;PAY_AMOUNT_REQUIRED;;Payment Amount Required;;Montant du paiement requis;Kiasi cha Malipo Kinachohitajika
pay;pay_is_prepay;;PAY_IS_PREPAY;;Pay Is_Prepay;;Pay Is_Prepay;
pay;pay_prepay_balance;;PAY_PREPAY_BALANCE;;Pay Prepay Balance;;Pay Prepay Balance;
pay;prepaid_uuid;;PREPAID_UUID;;Prepaid UUID;;UUID prépayé;UUID ya kulipia kabla
pay;payment_site;;PAYMENT_SITE;;Payment Site;;Site de paiement;Tovuti ya Malipo
pay;pay_cancelled;;PAY_CANCELLED;;Payment Cancelled;;paiement annulé;Malipo Yameghairiwa
pay;pay_statusmessage;;PAY_STATUSMESSAGE;;Payment Status Message;;Message d'état du paiement;Ujumbe wa Hali ya Malipo
pay;pay_confirmed_officerid;;PAY_CONFIRMED_OFFICERID;;Payment Confirmed Officer ID;;Payment Confirmed Officer ID;
pay;pay_payment_slip_doc;;PAY_PAYMENT_SLIP_DOC;;Pay Payment Slip Doc;;Pay Payment Slip Doc;
pay;pay_ref;;pay_reference;;Payment Reference;;Référence de paiement;Rejea ya Malipo
pay;pay_date;;pay_date;;Payment Date;;Date de paiement;Siku ya malipo
pay;pay_trans;;pay_trans;;Trans ID;;Identifiant trans;Kitambulisho cha Trans
pay;pay_type;;pay_type;;Payment Type;;Type de paiement;Aina ya malipo
pay;pay_type;00;Unknown;;Unknown;;Inconnue;Haijulikani
pay;pay_type;01;CHECK;;CHECK;;Chèque;
pay;pay_type;02;CASH;;CASH;;En espèces;Fedha taslimu
pay;pay_type;03;TRANSFER;;TRANSFER;;Transférer;Uhamisho
pay;pay_type;04;CC;;CC;;Carte de crédit;
pay;pay_type;05;MOBILE;;MOBILE;;Mobile;Rununu
pay;pay_type;06;PREPAY;;PREPAY;;Prépaiement;
pay;pay_type;99;OTHER;;OTHER;;Autre;Nyingine
pay;pay_mobile;;pay_mobile;;Mobile;;Mobile;Rununu
pay;pay_amount;;pay_amount;;Amount;;Montant;Kiasi
pay;pay_provider;;pay_provider;;Provider;;Fournisseur;Mtoaji
pay;pay_officerid;;pay_officerid;;officer ID;;ID de l'agent;Kitambulisho cha afisa
pay;pay_stationid;;pay_stationid;;station ID;;ID de la station;Kitambulisho cha Kituo
pay;pay_type_detail;;pay_type_detail;;Details;;Détails;Maelezo
pay;pay_status;;pay_status;;Status;;Statut;Hali
exop;exop_userid;;UserId;;User ID;;Identifiant d'utilisateur;Kitambulisho cha Mtumiaji
exop;exop_pw;;User Password;;User Password;;Mot de passe de l'utilisateur;Nenosiri la Mtumiaji
exop;exop_role;;User Role;;User Role;;Rôle d'utilisateur;Wajibu wa Mtumiaji
exop;exop_role;00;Unknown;;Unknown;;Inconnue;Haijulikani
exop;exop_role;01;ADMINISTRATOR;;Administrator;;Administrateur;
exop;exop_role;02;Supervisor;;Supervisor;;Superviseur;Msimamizi
exop;exop_role;03;Operator;;Operator;;Opérateur;Opereta
exop;exop_role;04;CASHIER;;Cashier;;Caissier;Keshia
exop;exop_role;99;OTHER;;Other;;Autre;Nyingine
exop;exop_status;;Operator Status;;Status;;Statut;Hali
exop;exop_status;00;UNDEFINED;Nicht definiert;Undefined;No definido;Non défini;Haijafafanuliwa
exop;exop_status;01;ACTIVE;Aktiv;Active;activamente;Activement;Inatumika
exop;exop_status;02;DECEASED;Verstorbene;Deceased;fallecido;Décédé;Marehemu
exop;exop_status;03;IGNORE;Ignoriert;Ignored;ignorado;Ignoré;Imepuuzwa
exop;exop_status;04;PERMANENT_REMOVED;Dauerhaft entfernt;Permanently removed;Eliminado permanentemente;Définitivement supprimé;Imeondolewa kabisa
exop;exop_status;05;TEMPORARY_REMOVED;Vorübergehend entfernt;Temporarilly removed;Eliminado temporalmente;Temporairement retiré;Imeondolewa kwa muda
exop;exop_userid;;User ID;;User ID;;ID d'utilisateur;Kitambulisho cha Mtumiaji
exop;exop_entrydate;;EXOP_ENTRY_DATE;;Exop Entry Date;;Date d'entrée Exop;
exop;exop_exitdate;;EXOP_EXITDATE;;Exop Exit Date;;Date de sortie Exop;
exop;exop_createdby;;EXOP_CREATEDBY;;Exop Created By;;Exop créé par;Exop Imeundwa Na
exop;exop_lastchangedby;;EXOP_LASTCHANGEDBY;;Exop Last Changed By;;"
Dernière modification d'exop par
";
exop;exop_lastdate;;exop_last_date;;Exop Last Date;;Dernière date d'exop;
cap;;;Card Pickup;;Card Pickup;;Retrait de la carte;Kuchukua Kadi
cap;cap_ser;;Card Serialnumber;;Card Serialnumber;;Numéro de série de la carte;Idadi ya kadi
cap;cap_recid;;Card Recordid;;Card Recordid;;ID d'enregistrement de la carte;Rekodi ya Kadi
cap;cap_date;;Pickup Date;;Pickup Date;;Date de ramassage;Tarehe ya Kuchukua
cap;cap_by_owner;;By Owner;;By Owner;;Par le propriétaire;Na Mmiliki
cap;cap_verified;;Verified;Bestätigt;Verified;Confirmado;Confirmé;Imethibitishwa
cap;cap_surname;;Surname;Nachname;Surname;apellido;Nom de famille;Jina la Ukoo
cap;cap_firstname;;First Names;Vornamen;First Name;primer nombre;Prénom;Majina ya kwanza
cap;cap_identification;;Identification Number;ID Nummer;Identification Number;Identificación;Numéro d'identification;Nambari ya kitambulisho
cap;cap_identificationtype;;Identification Type;Identifikationstyp;Identification Type;tipo de identificación;Type d'identification;Aina ya kitambulisho
cap;cap_officer_id;;Officer ID;;Officer ID;;ID de l'agent;Kitambulisho cha afisa
cap;cap_station_id;;Station ID;;Station Id;;ID de la station;Kitambulisho cha Kituo
cap;cap_center_id;;RegistrationCenterID;;Registration Center ID;;ID du centre d'inscription;Kitambulisho cha Kituo cha Usajili
adm;;;Admission;;Admission;;Admission;
adm;adm_id;;adm_id;;Admission ID;;ID d'admission;
adm;adm_gkid;;adm_gkid;;Admission GKID;;GKID d'admission;
adm;adm_reason;;adm_reason;;Admission Reason;;Raison d'admission;Sababu ya kuingia
adm;adm_reason;00;Unknown;;Unknown;;Inconnue;Haijulikani
adm;adm_reason;04;NEW_REQUEST;;New Request;;Nouvelle demande;Ombi Jipya
adm;adm_reason;10;CARD_PICKUP;;Card Pickup;;Retrait de carte;
adm;adm_reason;11;REISSUANCE;;Reissuance;;Réémission;Utoaji upya
adm;adm_reason;20;CORRECTION;;Correction;;Correction;Marekebisho
adm;adm_reason;21;MODIFICATION;;Modification;;Modification;
adm;adm_reason;22;PAYMENT_CORRECTION;;Payment Correction;;Correction de paiement;
adm;adm_reason;23;PENALTY;;Penalty;;Penalité;Penalty
adm;adm_reason;24;PENALTY_MODIFICATION;;Penalty Modification;;Modification de la pénalité;Penalty Modification
adm;adm_reason;30;DUPLICATE;Mehrere Registrierungen;Duplicates;Varias inscripciones;Doublons;Nakala
adm;adm_reason;31;RENEWAL;;Renewal;;Renouvellement;Renewal
adm;adm_reason;32;CHANGE_REQUEST;;Change Request;;Demande de changement;Badilisha Ombi
adm;adm_reason;90;REMOVE_REQUEST;;Remove Request;;Supprimer la demande;Ondoa Ombi
adm;adm_reason;99;OTHER;Andere;Other;otro;Autre;Nyingine
adm;adm_flow_status;;adm_flow_status;;Admission Flow Status;;Statut de flux d'admission;
adm;adm_flow_status;00;New ;;New ;;Nouveau;Mpya
adm;adm_flow_status;01;Incomplete;;Incomplete;;Incomplet;Haijakamilika
adm;adm_flow_status;10;Submitted;;Submitted;;Submitted;Imewasilishwa
adm;adm_flow_status;11;Pending;In Bearbeitung;Pending;En progreso;En cours;Inasubiri
adm;adm_flow_status;12;In Review;In Analyse;In review;En analisis;En analyse;Kwa ukaguzi
adm;adm_flow_status;20;Confirmed;;Confirmed;;Confirmé;Imethibitishwa
adm;adm_flow_status;21;Finalized;;Finalized;;Finalisé;
adm;adm_flow_status;30;Rejected;;Rejected;;Rejetée;
adm;adm_flow_status;40;Rejected Update Required;;Rejected Update Required;;;
adm;adm_flow_status;41;Rejected with Penalty;;Rejected with Penalty;;;
adm;adm_flow_status;99;Other;;Other;;Autre;Nyingine
adm;adm_prev_adm_record_id;;ADM_PREV_ADM_RECORD_ID;;Previous Admission Record ID;;Numéro d'ID du dossier d'admission précédent;
adm;adm_date;;ADM_DATE;;Admission Date;;Date d'admission;
adm;adm_flow_statusmessage;;ADM_FLOW_STATUSMESSAGE;;Admission Flow Status Message;;Message d'état du flux d'admission;
adm;adm_officerid;;Payment Officer ID;;Payment Officer ID;;ID de l'agent de paiement;
adm;adm_stationid;;Payment Station ID;;Payment Station ID;;Identifiant de la station de paiement;Kitambulisho cha Kituo cha Malipo
adm;adm_pay_record_id;;ADM_PAY_RECORD_ID;;Admission Payment Record ID;;ID d'enregistrement de paiement d'admission;
adm;adm_prev_pay_record_id;;ADM_PREV_PAY_RECORD_ID;;Admission Prev Payment Record ID;;ID d'enregistrement de paiement précédent d'admission;
adm;adm_just_doc_record_id;;ADM_JUST_DOC_RECORD_ID;;Adm_Just_Doc_Record ID;;Adm_Just_Doc_Record ID;
adm;adm_last_residence_id;;LAST_RESIDENCE_ID;;Last Residence ID ;;ID de la dernière résidence;Kitambulisho cha Makazi ya Mwisho
adm;adm_rev_status;;ADM_REV_STATUS;;Admission Review Status;;Statut d'examen d'admission;Hali ya Mapitio ya Kiingilio
adm;adm_rev_status;00;Unknown;;Unknown;;Inconnue;Haijulikani
adm;adm_rev_status;01;Incomplete;;Incomplete;;Incomplet;Haijakamilika
adm;adm_rev_status;02;Complete;;Complete;;Complète;Kamilisha
adm;adm_rev_result;;ADM_REV_RESULT;;Admission Review Result;;Résultat d'examen d'admission;
adm;adm_rev_result;00;UNKNOWN;;Unknown;;Inconnue;Haijulikani
adm;adm_rev_result;01;CONFIRMED;;Confirmed;;Confirmé;Imethibitishwa
adm;adm_rev_result;20;CORRECTED;;Corrected;;Corrigée;Imesahihishwa
adm;adm_rev_result;30;FRAUD;;Fraud;;Fraude;Ulaghai
adm;adm_rev_result;40;REJECTED_UPDATE;;Rejected Update;;Mise à jour rejetée;Rejected Update
adm;adm_rev_result;41;REJECTED_PAYMENT;;Rejected Payment;;Paiement rejeté;Malipo Yamekataliwa
adm;adm_rev_result;42;REJECTED_PAYMENT_UPDATE;;Rejected Payment Update;;Mise à jour du paiement rejeté;Rejected Payment Update
adm;adm_rev_result;43;REJECTED_PENALTY;;Rejected Penalty;;Pénalité rejetée;Rejected Penalty
adm;adm_rev_result;44;REJECTED_PENALTY_UPDATE;;Rejected Penalty Update;;Mise à jour de la pénalité rejetée;Rejected Penalty Update
adm;adm_rev_result;99;Other;;Other;;Autre;Nyingine
adm;adm_rev_resultmessage;;ADM_REV_RESULTMESSAGE;;Admission Rev Result Message;;Message de résultat de la révision d'admission;
adm;adm_rev_penalty;;ADM_REV_PENALTY;;Admission Review Penalty;;Pénalité d'examen d'admission;Adhabu ya Mapitio ya Kiingilio
adm;adm_rev_date;;ADM_REV_DATE;;Admission Review Date;;Date d'examen d'admission;
adm;adm_rev_pending;;ADM_REV_PENDING;;Admission Review Pending;;Examen d'admission en attente;
adm_rev;;;Admission Review Task;;Admission Review Task;;Tâche d'examen d'admission;
adm_rev;rev_task_adm_id;;REV_TASK_ADM_ID;;Review Task Admission ID;;Examiner l'ID d'admission à la tâche;
adm_rev;rev_task_id;;REV_TASK_ID;;Review Task ID;;Examiner l'ID de la tâche;Kagua Kitambulisho cha Kazi
adm_rev;rev_task_topic;;REV_TASK_TOPIC;;Review Task Topic;;Examiner l'objet de la tâche;
adm_rev;rev_task_topic;00;BIOGRAPHIC;;Biographic;;Biographique;
adm_rev;rev_task_topic;01;ADDRESS;Adressen;Address;direcciones;adresses;Anwani
adm_rev;rev_task_topic;02;CONTACT;Kontakte;Contact;contactos;contacts;Mawasiliano
adm_rev;rev_task_topic;03;FACE;;Face;;Visage;Uso
adm_rev;rev_task_topic;04;BIOMETRICS;;Biometrics;;Biométrie;Biometriska
adm_rev;rev_task_topic;05;DOCUMENT;;Document;;Document;Hati
adm_rev;rev_task_topic;06;PAYMENT;;Payment;;Paiement;Malipo
adm_rev;rev_task_topic;99;OTHER;;Other;;Autre;Nyingine
adm_rev;rev_task_topic_detail;;REV_TASK_TOPIC_DETAIL;;Review Task Topic Detail;;Examiner les détails de l'objet de la tâche;
adm_rev;rev_task_status;;REV_TASK_STATUS;;Review Task Status;;Examiner l'état de la tâche;
adm_rev;rev_task_status;00;New ;;New ;;Nouveau;Mpya
adm_rev;rev_task_status;01;Incomplete;;Incomplete;;Incomplet;Haijakamilika
adm_rev;rev_task_status;02;Complete;;Complete;;Complète;Kamilisha
adm_rev;rev_task_result;;REV_TASK_RESULT;;Review Task Result;;Examiner la sortie de la tâche;Kagua Matokeo ya Kazi
adm_rev;rev_task_result;00;Unknown;;Unknown;;Inconnue;Haijulikani
adm_rev;rev_task_result;01;Corrected;;Corrected;;Corrigée;Imesahihishwa
adm_rev;rev_task_result;20;Confirmed;;Confirmed;;Confirmé;Imethibitishwa
adm_rev;rev_task_result;30;Rejected;;Rejected;;Rejetée;
adm_rev;rev_task_result;40;Rejected Update Required;;Rejected Update Required;;;
adm_rev;rev_task_result;41;Rejected with Penalty;;Rejected with Penalty;;;
adm_rev;rev_task_result;99;Other;;Other;;Autre;Nyingine
adm_rev;rev_task_resultmessage;;REV_TASK_RESULTMESSAGE;;Review Task Result Message;;Examiner le message de résultat de la tâche;Kagua Ujumbe wa Matokeo ya Kazi
adm_rev;rev_task_penalty;;REV_TASK_PENALTY;;Review Task Penalty;;Examiner la tâche de pénalité;
adm_rev;rev_task_date;;REV_TASK_DATE;;Review Task Date;;Examiner la date de la tâche;
adm_rev;rev_task_officerid;;ADM_REVt Officer ID;;Admission Review Officer ID;;ID de l'agent d'examen des admissions;
adm_rev;rev_task_stationid;;ADM_REV Station ID;;Admission Review Station ID;;ID de la station d'examen d'admission;
doc;;;Generic Document data;;Generic Document data;;Données documentaires génériques;Data ya Hati ya Kawaida 
doc;doc_number;;DOC_NUMBER;;Document Number;;numéro de document;Nambari ya Hati
doc;doc_record_id;;DOC_RECORD_ID;;Document Record ID;;ID d'enregistrement du document;Kitambulisho cha Rekodi ya Hati
doc;doc_issue_date;;DOC_ISSUE_DATE;;Document Issue Date;;Date d'émission du document;Tarehe ya Kutolewa kwa Hati
doc;doc_expiry_date;;DOC_EXPIRY_DATE;;Document Expiry Date;;Date d'expiration du document;Tarehe ya Kuisha kwa Hati
doc;doc_type;;DOC_TYPE;;Document Type;;Type de document;Aina ya Hati
doc;doc_format;;DOC_FORMAT;;Document Format;;Format du document;Muundo wa Hati
doc;doc_type_option;;DOC_TYPE_OPTION;;Document Type Option;;Options de type de document;Chaguo la Aina ya Hati																																																																																																																																																																																																																																																																																																																																																																																																																																																																																																																																																																																																																																																																																																																																																																																																																																																																																																																																																																																																																																																							
doc;doc_format;00;Unknown;;Unknown;;Inconnue;Haijulikani
doc;doc_format;01;IMAGE;;IMAGE;;;
doc;doc_format;02;PDF;;PDF;;;
doc;doc_format;03;XML;;XML;;;
doc;doc_format;99;Other;;Other;;Autre;Nyingine
doc;doc_capturetype;;DOC_CAPTURETYPE;;Document Capture Type;;Type de capture de documents;Aina ya Kukamata Hati
doc;doc_capturetype;00;Unknown;;Unknown;;Inconnue;Haijulikani
doc;doc_capturetype;01;SCANNED;;Scanned;;Numérisé;
doc;doc_capturetype;02;UPLOADED;;Uploaded;;Téléchargé;
doc;doc_capturetype;03;GENERATED;;Generated;;Généré;
doc;doc_capturetype;04;ENTERED;;Entered;;Introduit;Imeingia
doc;doc_capturetype;99;Other;;Other;;Autre;Nyingine
doc;doc_comment;;DOC_COMMENT;;Document Comment;;Commenter le document;Maoni ya Hati
doc;doc_capture_date;;DOC_CAPTURE_DATE;;Document Captured Date;;Date de capture du document;Tarehe ya kunasa Hati
doc;doc_capture_by;;DOC_CAPTURE_BY;;Document Captured By;;Document capturé par;Hati Imenaswa na
doc;doc_num_pages;;DOC_NUM_PAGES;;Number of pages;;Nombre de pages;Idadi ya kurasa
doc;doc_person_record_id;;DOC_PERSON_RECORD_ID;;Document Person Record ID;;ID d'enregistrement de la personne liée au document;
doc;doc_gk_id;;DOC_GK_ID;;Document GK_ID;;GK_ID du document;
doc;doc_replaced;;DOC_REPLACED;;Document IsReplaced;;Le document est remplacé;
doc;doc_replaced_by;;DOC_REPLACED_BY;;Document Replaced By;;Document remplacé par;
doc;doc_ext;;DOC_EXT;;Document EXT;;Extension du document;
trm;;;Trauma;;Trauma;;Traumatisme;Kiwewe
trm;trm_record_id;;TRM_RECORD_ID;;Trauma Record ID;;ID d'enregistrement de traumatisme;Kitambulisho cha Rekodi ya Kiwewe
trm;trm_type;;TRM_TYPE;;Trauma Type;;Type de traumatisme;Aina ya kiwewe
trm;trm_type;00;Unknown;;Unknown;;Inconnue;Haijulikani
trm;trm_type;01;MISSING_LIMB;;Missing Limb;;;
trm;trm_type;05;DUMB;;Dumb;;;
trm;trm_type;06;DEAF;;Deaf;;;
trm;trm_type;07;BLIND;;Blind;;;
trm;trm_type;10;FACIAL;;Facial;;;
trm;trm_type;11;ILITERATE;;Iliterate;;;
trm;trm_type;12;BAD_QUALITY;;Bad Quality;;;
trm;trm_type;13;DEAFandDUMB;;Deaf and Dumb;;;
trm;trm_type;14;INCOMPETENT;;Incompetent;;;
trm;trm_type;15;UNABLE_TO_SIGN;;Unable To Sign;;;
trm;trm_type;99;Other;;Other;;Autre;Nyingine
trm;trm_type_detail;;TRM_TYPE_DETAIL;;Trauma Type Detail;;Détail du type de traumatisme;Maelezo ya Aina ya Kiwewe
trm;trm_type_detail;00;Unknown;;Unknown;;Inconnue;Haijulikani
trm;trm_type_detail;01;TRAUMA_BOTH;;Trauma Both;;Trauma sur les deux mains;
trm;trm_type_detail;02;TRAUMA_FINGER;;Trauma Finger;;Trauma sur le doigt;
trm;trm_type_detail;03;TRAUMA_LEFT;;Trauma Left;;Trauma sur le gauche;
trm;trm_type_detail;04;TRAUMA_RIGHT;;Trauma Right;;Trauma sur le droit;
trm;trm_type_detail;05;TRAUMA_LEFT_HAND;;Trauma Left Hand;;Trauma sur la main gauche;
trm;trm_type_detail;06;TRAUMA_RIGHT_HAND;;Trauma Right Hand;;Trauma sur la main droite;
trm;trm_type_detail;07;TRAUMA_ALL;;Trauma All;;Trauma complet;
trm;trm_type_detail;99;TRAUMA_OTHER;;Trauma Other;;Autre trauma;
trm;trm_perm;;TRM_PERM;;Trauma IsPermanent;;Trauma permanent;
trm;trm_active;;TRM_ACTIVE;;Trauma IsActive;;Trauma actif;
trm;trm_detail;;TRM_DETAIL;;Trauma Detail;;Détail du trauma;
trm;trm_verified_on;;TRM_VERIFIED_ON;;Trauma Verified On;;Trauma vérifié le;
trm;trm_dismissed_on;;TRM_DISMISSED_ON;;Trauma Dismissed On;;Trauma finalisé le;
trm;trm_instance_id;;TRM_INSTANCE_ID;;Trauma Instance ID;;ID de l'instance de trauma;
trm;trm_person_record_id;;TRM_PERSON_RECORD_ID;;Trauma Person Record ID;;ID d'enregistrement de la personne avec trauma;
trm;trm_gk_id;;TRM_GK_ID;;Trauma GK_ID;;GK_ID du trauma;
trm;trm_replaced;;TRM_REPLACED;;Trauma IsReplaced;;Traume est remplacé;
trm;trm_replaced_by;;TRM_REPLACED_BY;;Trauma Replaced By;;Traumé remplacé par;
trm;trm_ext;;TRM_EXT;;Trauma EXT;;EXT du trauma;
poe;;;Proof_of_Entry;;Proof of Entry;;Preuve d'entrée;
poe;POE_ENTRY_DATE;;POE_ENTRY_DATE;;Date of Entry;;Date d'entrée;
poe;POE_ENTRY_DATE_CONFIRMED;;POE_ENTRY_DATE_CONFIRMED;;Confirmed Date of Entry;;Confirmation de la date d'entrée;
poe;POE_OFFICERID;;PoE Officer ID;;POE Officer;;Agent de la preuve d'entrée;
poe;POE_STATIONID;;PoE Station ID;;POE Station;;Station de la preuve d'entrée;
poe;POE_CONFIRMED_OFFICERID;;POE_CONFIRMED_OFFICERID;;POE Confirmed Officer ID;;ID confirmé de l'agent de la preuve d'entrée;
poe;POE_DOC;;POE_DOC;;POE Doc;;Document de preuve d'entrée;