<?xml version="1.0" encoding="UTF-8" standalone="yes"?>
<PMT version="20221101">
    <section code="A" label="REGISTRATION STATION" sectionType="group">
        <Question>
            <code>UUID</code>
            <label>Group ID</label>
            <question>Uniquely generated ID</question>
            <responseType>id</responseType>
            <remarks>Assumed to be the unqiue code for the registration station (center)</remarks>
			
        </Question>
        <Question>
            <code>A_ID</code>
            <label>Registration Center ID</label>
            <question>Registration Center ID</question>
            <responseType>id</responseType>
            <remarks>External registration center id for backward reference to legacy</remarks>
        </Question>
        <Question>
            <code>A_NAME</code>
            <label>Registration Center Name</label>
            <question>Registration Center Name</question>
            <responseType>string</responseType>
            <remarks>External registration center name for backward reference to legacy</remarks>
        </Question>
		
        <Question>
            <code>A1</code>
            <label>Created Date</label>
            <question>Date created</question>
            <responseType>date</responseType>
        </Question>
       
        <Question>
            <code>A2a</code>
            <label>Region Code</label>
            <question>Region Code</question>
            <responseType>id</responseType>
        </Question>
        <Question>
            <code>A2b</code>
            <label>Region</label>
            <question>Region Name</question>
            <responseType>string</responseType>
        </Question>
        <Question>
            <code>A3a</code>
            <label>Department</label>
            <question>Department Code</question>
            <responseType>id</responseType>
        </Question>
        <Question>
            <code>A3b</code>
            <label>Department Name</label>
            <question>Department Name</question>
            <responseType>string</responseType>
        </Question>
        <Question>
            <code>A4a</code>
            <label>Locality Code</label>
            <question>Locality Code</question>
            <responseType>id</responseType>
        </Question>
        <Question>
            <code>A4b</code>
            <label>Locality Name</label>
            <question>Locality Name</question>
            <responseType>string</responseType>
        </Question>
      
        <Question>
            <code>A10</code>
            <label>REGCENTER Type</label>
            <question>Is the registration center located outside</question>
            <options>
                <option key="1" value="Registration Center"/>
                <option key="99" value="Other"/>
            </options>
            <responseType>selection</responseType>
        </Question>
        <Question>
            <code>A11</code>
            <label>REGCENTER is permanent</label>
            <question>Is the registration center permanent</question>
            <options>
                <option key="1" value="Unknown"/>
                <option key="2" value="Yes"/>
                <option key="3" value="No"/>
            </options>
            <responseType>selection</responseType>
        </Question>
    </section>
    <section code="B" label="Registration Information" sectionType="member">
        <Question>
            <code>UUID</code>
            <label>SUBJECT ID</label>
            <question>SUBJECT_ID</question>
            <responseType>id</responseType>
        </Question>
        <Question>
            <code>ASSIGNED_GROUP</code>
            <label>Member Of Group</label>
            <question>Reference to group_id (registration center)</question>
            <responseType>string</responseType>
            <!--             <remarks>Requirement must be set</remarks> -->
            <remarks>MUST BE A VALID GROUP ID</remarks>
        </Question>
        <Question>
            <code>VIRTUAL</code>
            <label>Is Virtual</label>
            <question>Is Virtual</question>
            <responseType>boolean</responseType>
            <remarks>Virtual registration - has only B4 as HEAD and used exclusively to hold the head</remarks>
        </Question>
        <Question>
            <code>INCOMPLETE</code>
            <label>Is Incomplete</label>
            <question>Incomplete Dependent Registration</question>
            <responseType>boolean</responseType>
            <remarks>Incomplete registration allows preliminary recording/registration of dependents </remarks>
        </Question>
        <Question>
            <code>B4</code>
            <label>Relationship to Group</label>
            <question>Relationship to the head of the group</question>
            <options>
                <option key="1" value="Head"/>
                <option key="2" value="Registered"/>
                <option key="3" value="Transferred"/>
            </options>
            <responseType>selection</responseType>
            <remarks>By default registered, otherwise if HEAD it is ALWAYS a virtual registration and should be ignored</remarks>
        </Question>  
        <Question>
            <code>PUBLIC_PERSON_ID</code>
            <label>Public Person ID</label>
            <question>PUBLIC_PERSON_ID</question>
            <responseType>id</responseType>
        </Question>  
        <Question>
            <code>SURNAME</code>
            <label>Surname</label>
            <question>Surname</question>
            <responseType>string</responseType>
        </Question>

	
	
        <Question>
            <code>FIRSTNAMES</code>
            <label>First Names</label>
            <question>FIRSTNAMES</question>
            <responseType>string</responseType>
        </Question>
	
        <Question>
            <code>OTHER_NAMES_1</code>
            <label>Other Names 1</label>
            <question>OTHER_NAMES_1</question>
            <responseType>string</responseType>
            <!--UNUSED -->
        </Question>
        <Question>
            <code>OTHER_NAMES_2</code>
            <label>Other Names 2</label>
            <question>OTHER_NAMES_2</question>
            <responseType>string</responseType>
            <!--UNUSED -->

        </Question>

        <Question>
            <code>MAIDENNAME</code>
            <label>Maidenname</label>
            <question>MAIDENNAME</question>
            <responseType>string</responseType>
        </Question>	
	
        <Question>
            <code>GENDER</code>
            <label>Gender</label>
            <question>Gender</question>
            <options>
                <option key="0" value="Unknown"/>
                <option key="1" value="Male"/>
                <option key="2" value="Female"/>
            </options>
            <responseType>selection</responseType>
        </Question>
        <Question>
            <code>CLIENT_STATUS</code>
            <label>CLIENT_STATUS</label>
            <question>CLIENT_STATUS</question>
            <options>
               
                <option key="0" value="Unknown"/>
                <option key="1" value="RELIGIOUS AND FRENCH COOPERATIVE"/>
                <option key="2" value="NON-ECOWAS NATIONAL"/>
				 <option key="3" value="FRENCH"/>
                <option key="99" value="OTHER"/>
            </options>
            <responseType>selection</responseType>
        </Question>
        <Question>
            <!--SIMBA -->
            <code>SPOUSENAME</code>
            <label>Spousename</label>
            <question>SPOUSENAME</question>
            <responseType>string</responseType>
        </Question>
        
        <Question>
            <!--SIMBA -->
            <code>HEIGHT</code>
            <label>Height</label>
            <question>Height</question>
            <responseType>number</responseType>
        </Question>
        
        <Question>
            <code>FATHERSNAME</code>
            <label>Fathersname</label>
            <question>FATHERSNAME</question>
            <responseType>string</responseType>
        </Question>
        <!--SIMBA -->
        <Question>
            <code>FATHERSNAME_FIRST</code>
            <label>FathersnameFirst</label>
            <question>FATHERS FIRST NAME</question>
            <responseType>string</responseType>
        </Question>
        <Question>
            <code>FATHERSNAME_BIRTHDATE</code>
            <label>FathersnameBirthdate</label>
            <question>FATHERS BIRTHDATE</question>
            <responseType>date</responseType>
        </Question>
        <Question>
            <code>FATHERSNAME_BIRTHPLACE</code>
            <label>FathersnameBirthplace</label>
            <question>FATHERS BIRTPLACE</question>
            <responseType>string</responseType>
            <remarks>
                options_countrycodes
            </remarks>
        </Question>
        <Question>
            <code>MOTHERSNAME</code>
            <label>Mothersname</label>
            <question>MOTHERSNAME</question>
            <responseType>string</responseType>
        </Question>
        <Question>
            <code>MOTHERSNAME_FIRST</code>
            <label>MOTHERsnameFirst</label>
            <question>MOTHERS FIRST NAME</question>
            <responseType>string</responseType>
        </Question>
        <Question>
            <code>MOTHERSNAME_BIRTHDATE</code>
            <label>MOTHERsnameBirthdate</label>
            <question>MOTHERS BIRTHDATE</question>
            <responseType>date</responseType>
        </Question>
        <Question>
            <code>MOTHERSNAME_BIRTHPLACE</code>
            <label>MOTHERsnameBirthplace</label>
            <question>MOTHERS BIRTPLACE</question>
            <responseType>string</responseType>
            <remarks>
                options_countrycodes
            </remarks>
        </Question>
        <Question>
            <code>TUTORSNAME</code>
            <label>TUTORSname</label>
            <question>TUTORSNAME</question>
            <responseType>string</responseType>
        </Question>
        <Question>
            <code>TUTORSNAME_FIRST</code>
            <label>TUTORSnameFirst</label>
            <question>TUTORS FIRST NAME</question>
            <responseType>string</responseType>
        </Question>
        <Question>
            <code>TUTORSNAME_BIRTHDATE</code>
            <label>TUTORSnameBirthdate</label>
            <question>TUTORS BIRTHDATE</question>
            <responseType>date</responseType>
        </Question>
        <Question>
            <code>TUTORSNAME_BIRTHPLACE</code>
            <label>TUTORSnameBirthplace</label>
            <question>TUTORS BIRTPLACE</question>
            <responseType>string</responseType>
            <remarks>
                options_countrycodes
            </remarks>
        </Question>
        
        <Question>
            <code>MARITAL_STATUS</code>
            <label>Marital Status</label>
            <question>MARITAL_STATUS</question>
            <options>
                <option key="00" value="Unknown"/>
                <option key="01" value="Single"/>
                <option key="02" value="Married"/>
                <option key="03" value="Divorced"/>
                <option key="04" value="Separated"/>
                <option key="05" value="Widowed"/>
                <option key="06" value="Religiously Married"/>
                <option key="07" value="Married according to custom"/>
                <option key="99" value="Other"/>
            </options>
            <responseType>selection</responseType>
        </Question>
          
        <Question>
            <!-- match with trauma -->
            <code>DISABILITY</code>
            <label>DISABILITY</label>
            <question>DISABILITY</question>
            <options>
                <option key="00" value="Unknown"/>
                <option key="01" value="No fingerprints"/>
                <option key="02" value="Albino"/>
                <option key="03" value="Reduced motor skills lower limbs"/>
                <option key="04" value="Reduced motor skills upper limbs"/>
                <option key="05" value="Psychic"/>
                
                <option key="06" value="Deafness"/>
                <option key="07" value="Blind"/>
                <option key="99" value="Other"/>
            </options>
            <responseType>selection</responseType>
        </Question>
        <Question>
            <code>OCCUPATION</code>
            <label>Occupation</label>
            <question>Profession</question>
            <responseType>string</responseType>
            <remarks>options_profession</remarks>
        </Question>
        <Question>
            <code>DATE_OF_BIRTH</code>
            <label>Date of Birth</label>
            <question>DATE_OF_BIRTH</question>
            <responseType>date</responseType>
        </Question>
        <Question>
            <code>DATE_OF_BIRTH_KNOWN</code>
            <label>Date of Birth known</label>
            <question>DATE_OF_BIRTH_KNOWN</question>
            <responseType>boolean</responseType>
        </Question>
	
        <Question>
            <code>AGEATREGISTRATION</code>
            <label>Age at Registration</label>
            <question>AGEATREGISTRATION</question>
            <responseType>number</responseType>
        </Question>
        <Question>
            <code>AGEGROUP</code>
            <label>Agegroup</label>
            <question>AGEGROUP</question>
            <responseType>number</responseType>
        </Question>
	
        <Question>
            <code>COUNTRYOFBIRTH</code>
            <label>Country of Birth</label>
            <question>COUNTRYOFBIRTH</question>
            <responseType>string</responseType>
            <remarks>options_countrycodes</remarks>
        </Question>
        <Question>
            <code>PLACE_OF_BIRTH</code>
            <label>Place of Birth</label>
            <question>PLACE_OF_BIRTH</question>
            <responseType>string</responseType>
        </Question>
        
        <Question>
            <!-- unused -->
            <code>PLACE_OF_BIRTH_CODE</code>
            <label>Place of Birth Code</label>
            <question>PLACE_OF_BIRTH_CODE</question>
            <responseType>string</responseType>
        </Question>
       
	
	
        <Question>
            <!-- default to registration site - standard locality code -->
            <code>DISTRIBUTION_SITE</code>
            <label>DISTRIBUTION_SITE</label>
            <question>DISTRIBUTION_SITE</question>
            <responseType>id</responseType>
        </Question>
        <Question>
            <code>NATIONALIDNO</code>
            <label>NationalIdNo</label>
            <question>NATIONALIDNO</question>
            <responseType>id</responseType>
        </Question>

      
	
        <Question>
            <code>CRT_ID_CARD_ID</code>
            <label>Current IDCARDID</label>
            <question>Current ID Card Number</question>
            <responseType>string</responseType>
            <remarks>Extracted from card_details</remarks>
        </Question>
	
        <Question>
            <code>CRT_ID_CARD_ACTIVATED</code>
            <label>Current IDCARDACTIVATED</label>
            <question>Date of activation for current ID Card</question>
            <responseType>date</responseType>
            <remarks>Extracted from card_details</remarks>
        </Question>
        <Question>
            <code>CRT_ID_CARD_STATUS</code>
            <label>Current IDCARDSTATUS</label>
            <question>Is current card active</question>
            <responseType>boolean</responseType>
            <remarks>Extracted from card_details</remarks>
        </Question>
	
        <Question>
            <code>CRT_ID_TRIGGER</code>
            <label>CARD_REPLACE_TRIGGER</label>
            <question>Sequential number to trigger card reproduction</question>
            <responseType>number</responseType>
            <remarks>NOT FOR DISPLAY OR USE OTHER THAN CARD PRODUCTION</remarks>
        </Question>

	
	
        <Question>
            <code>B32</code>
            <label>Facial</label>
            <question>facial</question>
            <responseType>image</responseType>
        </Question>
	
	
        <Question>
            <code>LEGACY_PERSON_ID</code>
            <label>Legacy Person ID</label>
            <question>Original Voter ID</question>
            <responseType>string</responseType>
        </Question> 
        <Question>
            <code>PR</code>
            <label>Number Pending Requests</label>
            <question>Number pending requests</question>
            <responseType>number</responseType>
        </Question>
		
     
		
        <Question>
            <!--  used in SIMBA to distinguish between a normal registration (adult), a minor (see logic) and the official (i.e. managed operator -->
            <code>OCCUPATIONCODE</code>
            <label>Occupation Code</label>
            <question>OCCUPATIONCODE</question>
            <options>
                <option key="0" value="Unknown"/>
                <option key="1" value="Adult"/>
                <option key="2" value="Minor"/>
                <option key="98" value="Official"/>
                <option key="99" value="Other"/>
            </options>
            <responseType>selection</responseType>
        </Question>
        
	
        <Question>
            <code>NATIONALITY</code>
            <label>Nationality</label>
            <question>Nationality</question>
            <responseType>string</responseType>
            <remarks>options_nationalities</remarks>
        </Question>
        <Question>
            <!-- unused -->
            <code>NATIONALITYCODE</code>
            <label>NATIONALITYCODE</label>
            <question>NATIONALITYCODE</question>
            <options>
                <option key="0" value="Unknown"/>
                <option key="99" value="Other"/>
            </options>
            <responseType>selection</responseType>
        </Question>
       
        <Question>
		<!-- the reference to the current admission record -->
            <code>CURRENT_ADM_ID</code>
            <label>CURRENT_ADM_ID</label>
            <question>CURRENT_ADM_ID</question>
            <responseType>string</responseType>
            
        </Question>
	   <Question>
           <!-- anything above (including) key 20 is considered read-only by NECTO -->
            <code>CURRENT_ADM_FLOW_STATUS</code>
            <label>ADM_FLOW_STATUS</label>
            <question>ADM_FLOW_STATUS</question>
            <options>
                <option key="00" value="NEW"/>
				<!-- requires necto update sequence ... the initial record WILL be transmitted to spire but not
				be visible in the review process until necto has collected additional information -->
                <option key="01" value="INCOMPLETE"/> 
					<option key="10" value="SUBMITTED"/> <!-- from NECTO sent to SPiRE for further processing subject is currently read-only -->
				<option key="11" value="PENDING"/> <!-- SPIRE - setting only : record is pending further review...subject is currently read-only -->
                
                <option key="12" value="IN_REVIEW"/> <!-- SPIRE - setting only : entered spire admission review process but not completed -->
                <option key="20" value="CONFIRMED"/> <!-- SPIRE - setting only : review completed and ready for external upload -->
                
                <option key="21" value="FINALIZED"/><!-- SPIRE - setting only :  record transmitted to external repository and "closed" -->
<option key="30" value="REJECTED"/><!-- SPIRE - setting only :  the admission is rejected without further possibility of correction -->				
				
				<option key="40" value="REJECTED_UPDATE_REQUIRED"/><!-- SPIRE - setting only :  the admission is rejected but can be corrected -->
				<option key="41" value="REJECTED_WITH_PENALTY"/><!-- SPIRE - setting only :  the admission is rejected but can be corrected -->
			
				
				
				
			
                <option key="99" value="OTHER"/>
					
            </options>
            <responseType>selection</responseType>
           
        </Question>
		<Question>
		<!-- to allow fast sorting -->
            <code>CURRENT_ADM_DATE</code>
            <label>ADM_DATE</label>
            <question>Admission Date</question>
            <responseType>time</responseType>
        </Question>
       <!--- for officer registrations -->
		
        <Question>
            <code>P_EXOP_STATUS</code>
            <label>Operator Status</label>
            <question>Operator Status</question>			
		
            <options>
                <option key="0" value="UNDEFINED"/>
                <option key="1" value="ACTIVE"/>
                <option key="2" value="DECEASED"/>
                <option key="3" value="IGNORE"/>
                <option key="4" value="PERMANENT_REMOVED"/>
                <option key="5" value="TEMPORARY_REMOVED"/>
            </options>
            <responseType>selection</responseType>
            <remarks>Only used if occupation code is 6 Official</remarks>
        </Question>
        <Question>
            <code>P_EXOP_USERID</code>
            <label>UserId</label>	
            <question>USerid</question>
            <responseType>id</responseType>
            <remarks>Only used if occupation code is 6 Official</remarks>
        </Question>
        <Question>
            <code>P_EXOP_ROLE</code>
            <label>EXOP_ROLE</label>
            <question>Role</question>
            <options>
                <option key="0" value="UNKNOWN"/>
                <option key="1" value="ADMINISTRATOR"/>
                <option key="2" value="SUPERVISOR"/>
                <option key="3" value="OPERATOR"/>
                <option key="4" value="CASHIER"/>
                <option key="99" value="OTHER"/>
            </options>
            <responseType>selection</responseType>
            <remarks>Only used if occupation code is 6 Official</remarks>
        </Question>	
        <Question>
            <code>P_EXOP_LASTDATE</code>
            <label>EXOP_LAST_DATE</label>
            <question>Exop Last change Date</question>
            <responseType>time</responseType>
            <remarks>Only used if occupation code is 6 Official</remarks>
        </Question>
		
    </section>
  
	
	 
	
    <section code="BA" label="Adjudication" sectionType="memberdetail">
        <Question>
            <code>BA1</code>
            <label>Adjudication Status</label>
            <question>adjudicationStatus</question>			
		
            <options>
                <option key="0" value="UNDEFINED"/>
                <option key="1" value="DUPLICATES"/>
                <option key="2" value="PROCESSING_ERROR"/>
                <option key="3" value="IGNORED"/>
                <option key="4" value="NO_DUPLICATES"/>
            </options>
            <responseType>selection</responseType>
            <conditional>for members aged 0 – 18</conditional>
        </Question>
	
        <Question>
            <code>BA2</code>
            <label>Process Status</label>
            <question>processStatus</question>			
		
            <options>
                <option key="0" value="UNDEFINED"/>
                <option key="1" value="ADJUDICATED"/>
                <option key="2" value="PROCESSING_ERROR"/>
                <option key="3" value="PENDING"/>
                <option key="4" value="IGNORED"/>
                <option key="5" value="IN_REVIEW"/>
               
            </options>
            <responseType>selection</responseType>
            <conditional>for members aged 0 – 18</conditional>
        </Question>
	
        <Question>
            <code>BA3</code>
            <label>Date Entered</label>
            <question>dateEntered</question>
            <responseType>time</responseType>
        </Question>
        <Question>
            <code>BA4</code>
            <label>Date Duplicated</label>
            <question>dateDuplicated</question>
            <responseType>time</responseType>
        </Question>
        <Question>
            <code>BA5</code>
            <label>Last Date Duplicated</label>
            <question>lastDateDuplicated</question>
            <responseType>time</responseType>
        </Question>
        <Question>
            <code>BA6</code>
            <label>Last Date Adjudicated</label>
            <question>lastDateAdjudicated</question>
            <responseType>time</responseType>
        </Question>
   
        <Question>
            <code>BA7</code>
            <label>Process Error Code</label>
            <question>processErrorCode</question>			
		
            <options>
                <option key="01" value="NO_BIOGRAPHIC_DATA_FOUND"/>
                <option key="02" value="BIOGRAPHIC_FIELDS_MISSING"/>
                <option key="03" value="ERROA_RETRIEVING_BIOGRAPHIC_DATA"/>
                <option key="04" value="NO_REGISTRATION_DATA_FOUND"/>
                <option key="05" value="REGISTRATION_FIELDS_MISSING"/>
                <option key="06" value="ERROA_RETRIEVING_REGISTRATION_DATA"/>
                <option key="07" value="NO_BIOMETRIC_DATA_FOUND"/>
                <option key="08" value="BIOMETRIC_FIELDS_MISSING"/>
                <option key="09" value="ERROA_RETRIEVING_BIOMETRIC_DATA"/>
                <option key="10" value="NO_ADJUDICATION_PROFILE_FOUND"/>
                <option key="11" value="NO_ADJUDICATION_STATUS_FOUND"/>
                <option key="12" value="NO_ADJUDICATION_PROCESS_FOUND"/>
                <option key="13" value="INVALID_WORKFLOW_PROCESS_VARIABLE_FOUND"/>
                <option key="14" value="NULL_WORKFLOW_PROCESS_VARIABLE_FOUND"/>
                <option key="15" value="WORKFLOW_PROCESS_NOT_STARTED"/>
                <option key="16" value="WORKFLOW_ENGINE_NOT_INITIALIZED"/>
                <option key="17" value="DEDUPLICATION_ERROR"/>
            </options>
            <responseType>selection</responseType>
            <conditional>for members aged 0 – 18</conditional>
        </Question>
		
	
	
		
    </section>
    <section code="BE" label="Eligibility" sectionType="memberdetail">
        <Question>
            <code>BE1</code>
            <label>Person Status</label>
            <question>Current Status</question>			
		
            <options>
                <option key="0" value="UNDEFINED"/>
                <option key="1" value="ACTIVE"/>
                <option key="2" value="DECEASED"/>
                <option key="3" value="IGNORE"/>
                <option key="4" value="PERMANENT_REMOVED"/>
                <option key="5" value="TEMPORARY_REMOVED"/>
            </options>
            <responseType>selection</responseType>
            <conditional>for members aged 0 – 18</conditional>
        </Question>
	
       
	
        <Question>
            <code>BE2</code>
            <label>Verified On</label>
            <question>Verified On</question>
            <responseType>time</responseType>
        </Question>
        <Question>
            <code>BE3</code>
            <label>Verified By</label>
            <question>Verified By</question>
            <responseType>string</responseType>
        </Question>
        <Question>
            <code>BEPR</code>
            <label>Primary Review On</label>
            <question>Primary Review On</question>
            <responseType>time</responseType>
        </Question>
        <Question>
            <code>BESR</code>
            <label>Secondary Review On</label>
            <question>Secondary Review On</question>
            <responseType>time</responseType>
        </Question>
        <Question>
            <code>BERC</code>
            <label>Review Complete</label>
            <question>Is Review Complete</question>
            <responseType>boolean</responseType>
        </Question>
    </section>
    <section code="BR" label="Registration" sectionType="memberdetail">
		
        <Question>
            <code>BR1</code>
            <label>Registration Date</label>
            <question>Registration Date</question>
            <responseType>time</responseType>
        </Question>
        <Question>
            <code>BR2</code>
            <label>Registration Center</label>
            <question>Registration Center</question>
            <responseType>string</responseType>
        </Question>
        <Question>
            <code>BR3</code>
            <label>Registration Station ID</label>
            <question>Registration Station</question>
            <responseType>string</responseType>
        </Question>
        <Question>
            <code>BR4a</code>
            <label>Registration Officer ID</label>
            <question>Registration Officer ID</question>
            <responseType>string</responseType>
        </Question>
        <Question>
            <code>BR4b</code>
            <label>Registration Officer Name</label>
            <question>Registration Officer Name</question>
            <responseType>string</responseType>
        </Question>
    </section>
    <section code="BL" label="LastTransaction" sectionType="memberdetail">
		
        <Question>
            <code>BL1</code>
            <label>Last Transaction Date</label>
            <question>Registration Date</question>
            <responseType>time</responseType>
        </Question>
        <Question>
            <code>BL2</code>
            <label>Last Transaction Center</label>
            <question>Registration Center</question>
            <responseType>string</responseType>
        </Question>
        <Question>
            <code>BL3</code>
            <label>Last Transaction Station ID</label>
            <question>Registration Station</question>
            <responseType>string</responseType>
        </Question>
        <Question>
            <code>BL4a</code>
            <label>Last Transaction Officer ID</label>
            <question>Registration Officer ID</question>
            <responseType>string</responseType>
        </Question>
        <Question>
            <code>BL4b</code>
            <label>Last Transaction Officer Name</label>
            <question>Registration Officer Name</question>
            <responseType>string</responseType>
        </Question>
    
    </section>
    <section code="BCT" label="Contacts" sectionType="memberdetail">

        <Question>
            <code>BCT1</code>
            <label>EMAIL</label>
            <question>Email</question>
            <responseType>string</responseType>
        </Question>
        <Question>
            <code>BCT2</code>
            <label>PHONE1</label>
            <question>Phone 1</question>
            <responseType>id</responseType>
        </Question>
        <Question>
            <code>BCT3</code>
            <label>PHONE2</label>
            <question>Phone 2</question>
            <responseType>id</responseType>
        </Question>
        <Question>
            <code>BCT4</code>
            <label>PHONE3</label>
            <question>Phone 3</question>
            <responseType>id</responseType>
        </Question>
		
        <Question>
            <code>BCT5</code>
            <label>MOBILE1</label>
            <question>Mobile 1</question>
            <responseType>id</responseType>
        </Question>
        <Question>
            <code>BCT6</code>
            <label>MOBILE2</label>
            <question>Mobile 2</question>
            <responseType>id</responseType>
        </Question>
        <Question>
            <code>BCT7</code>
            <label>MOBILE3</label>
            <question>Mobile 3</question>
            <responseType>id</responseType>
        </Question>
        <Question>
            <code>BCT8</code>
            <label>MAILBOX</label>
            <question>Mailbox</question>
            <responseType>string</responseType>
        </Question>
     
        <Question>
            <code>BCT9</code>
            <label>OTHER_CT</label>
            <question>Other Contact</question>
            <responseType>string</responseType>
        </Question>
    </section>
    <section code="BADR" label="Addresses" sectionType="memberdetail">

        <Question>
            <code>BADRPC1</code>
            <label>POSTCODE_BUSINESS</label>
            <question>Postcode Business</question>
            <responseType>string</responseType>
        </Question>
        <Question>
            <code>BADRCC1</code>
            <label>COUNTRYCODE_BUSINESS</label>
            <question>Countrycode Business</question>
            <responseType>string</responseType>
        </Question>
        <Question>
            <code>BADRADR1</code>
            <label>ADDRESS_BUSINESS</label>
            <question>Address Business</question>
            <responseType>id</responseType>
            <remarks>DEMARCATION</remarks>
        </Question>
		
        <Question>
            <code>BADRDET1</code>
            <label>DETAIL_ADDRESS_BUSINESS</label>
            <question>Address Detail Business</question>
            <responseType>string</responseType>
        </Question>
        <Question>
            <code>BADRPC2</code>
            <label>POSTCODE_PRIM_RES</label>
            <question>Postcode Residential</question>
            <responseType>string</responseType>
        </Question>
        <Question>
            <code>BADRCC2</code>
            <label>COUNTRYCODE_PRIM_RES</label>
            <question>Countrycode Residential</question>
            <responseType>string</responseType>
        </Question>
        <Question>
            <code>BADRADR2</code>
            <label>ADDRESS_PRIM_RES</label>
            <question>Address Residential</question>
            <responseType>id</responseType>
            <remarks>DEMARCATION</remarks>
        </Question>
        <Question>
            <code>BADRDET2</code>
            <label>DETAIL_ADDRESS_RES</label>
            <question>Address Detail Residence</question>
            <responseType>string</responseType>
        </Question>
        <Question>
            <code>BADRPC3</code>
            <label>POSTCODE_OTHER_RES</label>
            <question>Postcode Other Residential</question>
            <responseType>string</responseType>
        </Question>
        <Question>
            <code>BADRCC3</code>
            <label>COUNTRYCODE_OTHER_RES</label>
            <question>Countrycode Other Residential</question>
            <responseType>string</responseType>
        </Question>
        <Question>
            <code>BADRADR3</code>
            <label>ADDRESS_OTHER_RES</label>
            <question>Address Other Residential</question>
            <responseType>id</responseType>
        </Question>
        <Question>
            <code>BADRDET3</code>
            <label>DETAIL_ADDRESS_OTHERRES</label>
            <question>Address Detail Other Residence</question>
            <responseType>string</responseType>
        </Question>
        <Question>
            <code>BADRPC4</code>
            <label>POSTCODE_POSTAL</label>
            <question>Postcode Postal</question>
            <responseType>string</responseType>
        </Question>
        <Question>
            <code>BADRCC4</code>
            <label>COUNTRYCODE_POSTAL</label>
            <question>Countrycode Postal</question>
            <responseType>string</responseType>
        </Question>
        <Question>
            <code>BADRADR4</code>
            <label>ADDRESS_POSTAL</label>
            <question>Address Postal</question>
            <responseType>id</responseType>
        </Question>
        <Question>
            <code>BADRDET4</code>
            <label>DETAIL_ADDRESS_POSTAL</label>
            <question>Address Detail POSTAL</question>
            <responseType>string</responseType>
        </Question>
       
        <Question>
            <code>BADRPC5</code>
            <label>POSTCODE_OTHER</label>
            <question>Postcode Other</question>
            <responseType>string</responseType>
        </Question>
        <Question>
            <code>BADRCC5</code>
            <label>COUNTRYCODE_OTHER</label>
            <question>Countrycode Other</question>
            <responseType>string</responseType>
        </Question>
        <Question>
            <code>BADRADR5</code>
            <label>ADDRESS_OTHER</label>
            <question>Address Other</question>
            <responseType>id</responseType>
        </Question>
			
        <Question>
            <code>BADRDET5</code>
            <label>DETAIL_ADDRESS_OTHER</label>
            <question>Address Detail OTHER</question>
            <responseType>string</responseType>
        </Question>
		
    </section>


<!-- every "visit" to a registration center is based on an admission record 

if a payment is required the record will have a reference to a single, exclusive instance of a pay record


-->
    <section code="adm" label="Admission" sectionType="genericdetail">
	
	 <Question>
            <code>ADM_ID</code>
            <label>ADM ID</label>
            <question>ADM_ID</question>
            <responseType>id</responseType>
        </Question>
		 <Question>
		 <!-- reference to the person -->
            <code>ADM_GKID</code>
            <label>ADM_GKID</label>
            <question>ADM SUBJECT_ID</question>
            <responseType>id</responseType>
        </Question>
	<Question>
            <!-- matches the enrollment type logic -->
            <code>ADM_REASON</code>
            <label>ADM_REASON</label>
            <question>ENROLLMENT_TYPE</question>
            <options>
                <option key="00" value="UNKNOWN"/>
		<option key="04" value="NEW_REQUEST"/>
		<option key = "10" value="CARD_PICKUP"/> <!-- so we can record the correct id number etc. -->
                <option key="11" value="REISSUANCE"/> <!-- damaged card -->
					
<!-- options due to a previous reject -->					
                <option key="20" value="CORRECTION"/> <!-- correction of data w/o payment required -->
                <option key="21" value="MODIFICATION"/> <!-- correction of data with payment required -->
		<option key="22" value="PAYMENT_CORRECTION"/> <!-- balance of payment no sufficient ... no modifications of data -->
		<option key="23" value="PENALTY"/> <!-- penalty  ... no modifications of data -->
		<option key="24" value="PENALTY_MODIFICATION"/> <!-- penalty ... and modifications of data -->
<!-- options for subjects with a finalized (received card) status -->		
				<option key="30" value="DUPLICATE"/>  <!--Lost card --> 	
					<option key="31" value="RENEWAL"/> <!-- future use -->
					<option key="32" value="CHANGE_REQUEST"/> <!-- future use...name change etc -->
				<option key="90" value="REMOVE_REQUEST"/> <!-- future us, like death or permanently leaving country -->
                <option key="99" value="OTHER"/>
					
            </options>
            <responseType>selection</responseType>
           
        </Question>
		
		
		<Question>
           <!-- anything above (including) key 20 is considered read-only by NECTO -->
            <code>ADM_FLOW_STATUS</code>
            <label>ADM_FLOW_STATUS</label>
            <question>ADM_FLOW_STATUS</question>
            <options>
                <option key="00" value="NEW"/>
				<!-- requires necto update sequence ... the initial record WILL be transmitted to spire but not
				be visible in the review process until necto has collected additional information -->
                <option key="01" value="INCOMPLETE"/> 
					<option key="10" value="SUBMITTED"/> <!-- from NECTO sent to SPiRE for further processing subject is currently read-only -->
				<option key="11" value="PENDING"/> <!-- SPIRE - setting only : record is pending further review...subject is currently read-only -->
                
                <option key="12" value="IN_REVIEW"/> <!-- SPIRE - setting only : entered spire admission review process but not completed -->
                <option key="20" value="CONFIRMED"/> <!-- SPIRE - setting only : review completed and ready for external upload -->
                
                <option key="21" value="FINALIZED"/><!-- SPIRE - setting only :  record transmitted to external repository and "closed" -->
<option key="30" value="REJECTED"/><!-- SPIRE - setting only :  the admission is rejected without further possibility of correction -->				
				
				<option key="40" value="REJECTED_UPDATE_REQUIRED"/><!-- SPIRE - setting only :  the admission is rejected but can be corrected -->
				<option key="41" value="REJECTED_WITH_PENALTY"/><!-- SPIRE - setting only :  the admission is rejected but can be corrected -->
			
				
				
				
			
                <option key="99" value="OTHER"/>
					
            </options>
            <responseType>selection</responseType>
           
        </Question>
		 <Question> <!-- if the previous admission record was rejected with correction this new onehas the reference to it ... just for bookkeeping
		 -->
            <code>ADM_PREV_ADM_RECORD_ID</code>
			
            <label>ADM_PREV_ADM_RECORD_ID</label>	
            <question>ADM_PREV_ADM_RECORD_ID</question>
            <responseType>id</responseType>
        </Question>
		<Question>
            <code>ADM_DATE</code>
            <label>ADM_DATE</label>
            <question>Admission Date</question>
            <responseType>time</responseType>
        </Question>
 
        <Question>
            <code>ADM_FLOW_STATUSMESSAGE</code>
            <label>ADM_FLOW_STATUSMESSAGE</label>
            <question>Payment Status Message</question>
            <responseType>string</responseType>
        </Question>
        <Question>
            <code>ADM_OFFICERID</code>
            <label>Payment Officer ID</label>
            <question>Payment Officer</question>
            <responseType>string</responseType>
        </Question>
        <Question>
            <code>ADM_STATIONID</code>
            <label>Payment Station ID</label>
            <question>Payment Station</question>
            <responseType>string</responseType>
        </Question>
 

 <Question> <!-- if not 0 payment reference to the corrersponding pay record-->
            <code>ADM_PAY_RECORD_ID</code>
            <label>ADM_PAY_RECORD_ID</label>	
            <question>ADM_PAY_RECORD_ID</question>
            <responseType>id</responseType>
        </Question>
		
		 <Question> <!-- if payment correction reference to previous payment that needs to be cancelled -->
            <code>ADM_PREV_PAY_RECORD_ID</code>
			
            <label>ADM_PREV_PAY_RECORD_ID</label>	
            <question>ADM_PREV_PAY_RECORD_ID</question>
            <responseType>id</responseType>
        </Question>
		 <!-- related justification information cross reference to uinque document id-->
        <Question>
            <code>ADM_JUST_DOC_RECORD_ID</code>
            <label>ADM_JUST_DOC_RECORD_ID</label>	
            <question>Justificative document Number</question>
            <responseType>id</responseType>
        </Question> 
      
		 <Question>
            <code>ADM_LAST_RESIDENCE_ID</code>
            <label>LAST_RESIDENCE_ID</label>
            <question>LAST_RESIDENCE_ID</question>
            <responseType>string</responseType>
        </Question>
	<Question>	
		  <code>ADM_REV_STATUS</code>
            <label>ADM_REV_STATUS</label>
            <question>ADM_REV_STATUS</question>
            <options>
              <option key="00" value="UNKNOWN"/>s
                <option key="01" value="INCOMPLETE"/> 
		<option key="02" value="COMPLETE"/> 
            </options>
            <responseType>selection</responseType>

		   </Question>
		<Question>
          
            <code>ADM_REV_RESULT</code>
            <label>ADM_REV_RESULT</label>
            <question>ADM_REV_RESULT</question>
            <options>
                <option key="00" value="UNKNOWN"/>
                <option key="01" value="CONFIRMED"/>
                <option key="20" value="CORRECTED"/>
                <option key="30" value="FRAUD"/>
                <option key="40" value="REJECTED_UPDATE"/>
				<option key="41" value="REJECTED_PAYMENT"/>
				<option key="42" value="REJECTED_PAYMENT_UPDATE"/>
                <option key="43" value="REJECTED_PENALTY"/>
				<option key="44" value="REJECTED_PENALTY_UPDATE"/>
                <option key="99" value="OTHER"/>
					
            </options>
            <responseType>selection</responseType>
           
        </Question>
		 <Question>
            <code>ADM_REV_RESULTMESSAGE</code>
            <label>ADM_REV_RESULTMESSAGE</label>
            <question>ADM_REV_RESULTMESSAGE</question>
            <responseType>string</responseType>
        </Question>
		 <Question>
            <code>ADM_REV_PENALTY</code>
            <label>ADM_REV_PENALTY</label>
            <question>ADM_REV_PENALTY</question>
            <responseType>number</responseType>
        </Question>
		<Question>
            <code>ADM_REV_DATE</code>
            <label>ADM_REV_DATE</label>
            <question>ADM_REV_DATE</question>
            <responseType>time</responseType>
        </Question>
		<!-- fast helper field to determine if any topics/instances are missing -->
		<Question>
            <code>ADM_REV_PENDING</code>
            <label>ADM_REV_PENDING</label>
            <question>ADM_REV_PENDING</question>
            <responseType>number</responseType>
        </Question>
		
		
		</section>
<!--
 for every submitted ADM record we create a set of Admission Review Tasks 
 that need to be completed by the Admission officer
 
 -->
 
 <section code="adm_rev" label="Admission Review Task" sectionType="genericdetail">
	 <Question>
	 <!-- 1-1 corresponding to the admission record -->
            <code>REV_TASK_ADM_ID</code>
            <label>REV_TASK_ADM_ID</label>
            <question>REV_TASK_ADM_ID</question>
            <responseType>id</responseType>
        </Question>
					
	 <Question>
	 
            <code>REV_TASK_ID</code>
            <label>REV_TASK_ID</label>
            <question>REV_TASK_ID</question>
            <responseType>id</responseType>
        </Question>
		
		
		 
		 <Question>
	 
            <code>REV_TASK_TOPIC</code>
            <label>REV_TASK_TOPIC</label>
            <question>REV_TASK_TOPIC</question>
            <options>
                <option key="00" value="BIOGRAPHIC"/>
                <option key="01" value="ADDRESS"/>
                <option key="02" value="CONTACT"/>
                <option key="03" value="FACE"/>
                <option key="04" value="BIOMETRICS"/>
                  <option key="05" value="DOCUMENT"/>
				    <option key="06" value="PAYMENT"/>
                <option key="99" value="OTHER"/>
					
            </options>
            <responseType>selection</responseType>
        </Question>
		<!-- like the pmt code of the question -->
		<Question>
	 
            <code>REV_TASK_TOPIC_DETAIL</code>
            <label>REV_TASK_TOPIC_DETAIL</label>
            <question>REV_TASK_TOPIC_DETAIL</question>
            <responseType>string</responseType>
        </Question>
		<Question>
		  <code>REV_TASK_STATUS</code>
            <label>REV_TASK_STATUS</label>
            <question>REV_TASK_STATUS</question>
            <options>
                <option key="00" value="NEW"/>
				<!-- requires necto update sequence ... the initial record WILL be transmitted to spire but not
				be visible in the review process until necto has collected additional information -->
                <option key="01" value="INCOMPLETE"/> 
				 <option key="02" value="COMPLETE"/> 
				</options>
<responseType>selection</responseType>
		   </Question>
	
		<Question>
          
            <code>REV_TASK_RESULT</code>
            <label>REV_TASK_RESULT</label>
            <question>REV_TASK_RESULT</question>
            <options>
                <option key="00" value="UNKNOWN"/>
               
                <option key="01" value="CORRECTED"/>
				
				 <option key="20" value="CONFIRMED"/>
                <option key="30" value="REJECTED"/>
                <option key="40" value="REJECTED_UPDATE_REQUIRED"/>
                <option key="41" value="REJECTED_WITH_PENALTY"/>
                <option key="99" value="OTHER"/>
					
            </options>
            <responseType>selection</responseType>
           
        </Question>
		 <Question>
            <code>REV_TASK_RESULTMESSAGE</code>
            <label>REV_TASK_RESULTMESSAGE</label>
            <question>REV_TASK_RESULTMESSAGE</question>
            <responseType>string</responseType>
        </Question>
		 <Question>
            <code>REV_TASK_PENALTY</code>
            <label>REV_TASK_PENALTY</label>
            <question>REV_TASK_PENALTY</question>
            <responseType>string</responseType>
        </Question>
		<Question>
            <code>REV_TASK_DATE</code>
            <label>REV_TASK_DATE</label>
            <question>REV_TASK_DATE</question>
            <responseType>time</responseType>
        </Question>
        <Question>
            <code>REV_TASK_OFFICERID</code>
            <label>ADM_REVt Officer ID</label>
            <question>ADM_REV Officer</question>
            <responseType>string</responseType>
        </Question>
        <Question>
            <code>REV_TASK_STATIONID</code>
            <label>ADM_REV Station ID</label>
            <question>ADM_REV Station</question>
            <responseType>string</responseType>
        </Question>
		
		</section>


    <!-- generic list of pay-related questions
              used in the NectoPMTExtendedSection, one "row" per executed payment 
    on the server side each row instance is translated into a SIPaymentRecord -->

    <section code="pay" label="Payment" sectionType="genericdetail">
        <Question>
            <!-- matches the associated admission type logic -->
            <code>PAY_REASON</code>
            <label>PAY_REASON</label>
            <question>PAY_REASON</question>
            <options>
                <option key="00" value="UNKNOWN"/>
                <option key="01" value="CORRECTION"/>
                <option key="02" value="DUPLICATE"/>
                <option key="03" value="MODIFICATION"/>
                <option key="04" value="NEW_REQUEST"/>
               
                <option key="06" value="REISSUANCE"/>
				<option key="07" value="PAYMENT_CORRECTION"/>
			
				<option key="09" value="RENEWAL"/>
				<option key="98" value="PREPAY"/> <!-- for the "balance" record -->
                <option key="99" value="OTHER"/>
					
            </options>
            <responseType>selection</responseType>
           
        </Question>
       
         <Question>
            <code>PAY_RECORD_ID</code>
            <label>PAY_RECORD_ID</label>	
            <question>PAY_RECORD_ID</question>
            <responseType>id</responseType>
        </Question>
        <Question>
            <code>PAY_TRANS</code>
            <label>PAY_TRANS</label>	
            <question>Payment Transaction Id</question>
            <responseType>id</responseType>
        </Question>
        <Question>
            <code>PAY_REF</code>
            <label>PAY_REFERENCE</label>	
            <question>Payment Reference</question>
            <responseType>id</responseType>
        </Question>
        <Question>
            <code>PAY_DATE</code>
            <label>PAY_DATE</label>
            <question>Payment Date</question>
            <responseType>date</responseType>
        </Question>
		<Question>
            <code>PAY_DATE_CONFIRMED</code>
            <label>PAY_DATE_CONFIRMED</label>
            <question>Payment Date_CONFIRMED</question>
            <responseType>date</responseType>
        </Question>
        <Question>
            <code>PAY_PROVIDER</code>
            <label>PAY_PROVIDER</label>
            <question>Payment PROVIDER</question>
            <responseType>string</responseType>
        </Question>
       
        <Question>
            <code>PAY_AMOUNT</code>
            <label>PAY_AMOUNT</label>
            <question>Payment Amount</question>
            <responseType>naturalnumber</responseType>
        </Question>
		 <Question>
            <code>PAY_AMOUNT_REQUIRED</code>
            <label>PAY_AMOUNT_REQUIRED</label>
            <question>Payment Amount REQUIRED</question>
            <responseType>naturalnumber</responseType>
        </Question>
		 <Question> 
		 <!-- used for balance payment record -->
		 <!-- if true we create on the backend a second instance of the payment record with the current balance
		 -->
            <code>PAY_IS_PREPAY</code>
            <label>PAY_IS_PREPAY</label>
            <question>Payment PAY_IS_PREPAY</question>
            <responseType>boolean</responseType>
        </Question>
		 <Question> <!-- used for balance payment record -->
            <code>PAY_PREPAY_BALANCE</code>
            <label>PAY_PREPAY_BALANCE</label>
            <question>Payment PREPAY_BALANCE</question>
            <responseType>naturalnumber</responseType>
        </Question>
		
        <Question>
            <code>PAY_TYPE</code>
            <label>PAY_TYPE</label>
            <question>Payment Type</question>
            <options>
                <option key="0" value="Unknown"/>
                <option key="1" value="CHECK"/>
                <option key="2" value="CASH"/>
                <option key="3" value="TRANSFER"/>
                <option key="4" value="CC"/>
                <option key="5" value="MOBILE"/>
                <option key="6" value="PREPAY"/>
                <option key="99" value="Other"/>
            </options>
            <responseType>selection</responseType>
        </Question>
        <Question>
		<!-- if <option key="6" value="PREPAY"/> mandatory to reference the previously made balance payment -->
            <code>PREPAID_UUID</code>
            <label>PREPAID_UUID</label>
            <question>Prepaid uuid</question>
         
            <responseType>id</responseType>
            <!-- future option to deduct payment from a previously made "deposit -->
        </Question>
        <Question>
            <code>PAYMENT_SITE</code>
            <label>PAYMENT_SITE</label>	
            <question>PAYMENT_SITE</question>
            <remarks>options_paymentsite</remarks>
            <responseType>string</responseType>
            <!-- future option to allow selection of payment site -> see "Site" -->
        </Question>
         <Question>
            <code>PAY_MOBILE</code>
            <label>PAY_MOBILE</label>
            <question>Payment Mobile Number</question>
            <responseType>string</responseType>
            <!-- future option to allow ad hoc mobile payment  -->
        </Question>
        <Question>
            <code>PAY_TYPE_DETAIL</code>
            <label>PAY_TYPE_DETAIL</label>
            <question>Payment Type Details</question>
            <responseType>string</responseType>
        </Question>
        <Question>
            <code>PAY_STATUS</code>
            <label>PAY_STATUS</label>
            <question>Payment Status</question>
            <!-- will be set to true if payment is confirmed -->
            <responseType>boolean</responseType>
        </Question>
		 <Question>
            <code>PAY_CANCELLED</code>
            <label>PAY_CANCELLED</label>
            <question>Payment Cancelled</question>
            <!-- will be set to true if payment is cancelled -->
            <responseType>boolean</responseType>
        </Question>
        <Question>
            <code>PAY_STATUSMESSAGE</code>
            <label>PAY_STATUSMESSAGE</label>
            <question>Payment Status Message</question>
            <responseType>string</responseType>
        </Question>
        <Question>
            <code>PAY_OFFICERID</code>
            <label>Payment Officer ID</label>
            <question>Payment Officer</question>
            <responseType>string</responseType>
        </Question>
        <Question>
            <code>PAY_STATIONID</code>
            <label>Payment Station ID</label>
            <question>Payment Station</question>
            <responseType>string</responseType>
        </Question>
         <Question>
            <code>PAY_CONFIRMED_OFFICERID</code>
            <label>PAY_CONFIRMED_OFFICERID</label>
            <question>PAY_CONFIRMED_OFFICERID</question>
            <responseType>string</responseType>
        </Question>
		<Question>
		<!-- ADM_PAYMENT_SLIP_DOC reference to the scanned transaction slip -->
            <code>PAY_PAYMENT_SLIP_DOC</code>
            <label>PAY_PAYMENT_SLIP_DOC</label>	
            <question>PAY_PAYMENT_SLIP_DOC</question>
            <responseType>id</responseType>
        </Question> 
    </section>
    
    <!-- office registration information -->
    <section code="EXOP" label="External Operator" sectionType="genericdetail">
        <Question>
            <code>EXOP_STATUS</code>
            <label>Operator Status</label>
            <question>Operator Status</question>			
		
            <options>
                <option key="0" value="UNDEFINED"/>
                <option key="1" value="ACTIVE"/>
                <option key="2" value="DECEASED"/>
                <option key="3" value="IGNORE"/>
                <option key="4" value="PERMANENT_REMOVED"/>
                <option key="5" value="TEMPORARY_REMOVED"/>
            </options>
            <responseType>selection</responseType>
        </Question>
        <Question>
            <code>EXOP_USERID</code>
            <label>UserId</label>	
            <question>USerid</question>
            <responseType>id</responseType>
        </Question>
        <Question>
            <code>EXOP_ENTRYDATE</code>
            <label>EXOP_ENTRY_DATE</label>
            <question>Entry Date</question>
            <responseType>time</responseType>
        </Question>
        <Question>
            <code>EXOP_EXITDATE</code>
            <label>EXOP_EXIT_DATE</label>
            <question>Exit Date</question>
            <responseType>time</responseType>
        </Question>
        <Question>
            <code>EXOP_LASTDATE</code>
            <label>EXOP_LAST_DATE</label>
            <question>Exop Last change Date</question>
            <responseType>time</responseType>
        </Question>
        <Question>
            <code>EXOP_PW</code>
            <label>EXOP_PW</label>
            <question>PW</question>
            <responseType>id</responseType>
        </Question>
        <Question>
            <code>EXOP_ROLE</code>
            <label>EXOP_ROLE</label>
            <question>Role</question>
            <options>
                <option key="0" value="UNKNOWN"/>
                <option key="1" value="ADMINISTRATOR"/>
                <option key="2" value="SUPERVISOR"/>
                <option key="3" value="OPERATOR"/>
                <option key="4" value="CASHIER"/>
                <option key="99" value="OTHER"/>
            </options>
            <responseType>selection</responseType>
        </Question>
        <Question>
            <code>EXOP_CREATEDBY</code>
            <label>EXOP_CREATEDBY</label>
            <question>Created by</question>
            <responseType>id</responseType>
        </Question>
        <Question>
            <code>EXOP_LASTCHANGEDBY</code>
            <label>EXOP_LASTCHANGEDBY</label>
            <question>Last Changed by</question>
            <responseType>id</responseType>
        </Question>
    </section>
     <!-- the following are helper information for any document and not maintained per se in pmt 
	SPiRE-Repo maintains the information in the core GKShortDocHeader/GK2Document
	-->

    <section code="DOC" label="Generic Document data" sectionType="genericdetail">
        <!-- related document information -->
        <Question>
		<!--GKShortDocHeader.number-->
            <code>DOC_NUMBER</code>
            <label>DOC_NUMBER</label>	
            <question>document Number</question>
            <responseType>id</responseType>
			
        </Question> 
        <Question>
            <!-- genkey internal cross reference to uuid of scanned document -->
			<!--GKShortDocHeader.recordId-->
            <code>DOC_RECORD_ID</code>
            <label>DOC_RECORD_ID</label>	
            <question>internal document reference</question>
            <responseType>id</responseType>
        </Question> 
        <Question>
		<!--GKShortDocHeader.other_properties(DOC_ISSUE_DATE,value)-->
            <code>DOC_ISSUE_DATE</code>
            <label>DOC_ISSUE_DATE</label>	
            <question>issue date</question>
            <responseType>date</responseType>
        </Question> 
        
        <Question>
		<!--GKShortDocHeader.other_properties(DOC_EXPIRY_DATE,value)-->
            <code>DOC_EXPIRY_DATE</code>
            <label>DOC_EXPIRY_DATE</label>	
            <question>expiry date</question>
            <responseType>date</responseType>
        </Question> 
        <Question>
			<!--GKShortDocHeader.type-->
            <code>DOC_TYPE</code>
            <label>DOC_TYPE</label>	
            <question>Document Type</question>
            <!-- free text for backward compatibilitiy -->
            <responseType>string</responseType>
        </Question>
		<Question>
			<!--GKShortDocHeader.type-->
            <code>DOC_TYPE_OPTION</code>
            <label>DOC_TYPE_OPTION</label>	
            <question>Document Type</question>
            <remarks>options_doccumenttype</remarks>
            <responseType>string</responseType>
        </Question>
         <Question>
		 <!--GKShortDocHeader.documentFormat-->
            <code>DOC_FORMAT</code>
            <label>DOC_FORMAT</label>
            <question>Dokument Format</question>
            <options>
                <option key="0" value="UNKNOWN"/>
                <option key="1" value="IMAGE"/>
                <option key="2" value="PDF"/>
                <option key="3" value="XML"/>
                <option key="99" value="OTHER"/>
            </options>
            <responseType>selection</responseType>
        </Question>
		
		 <Question>
		 <!--GKShortDocHeader.capturedAs-->
            <code>DOC_CAPTURETYPE</code>
            <label>DOC_CAPTURETYPE</label>
            <question>Dokument Capture Type</question>
            <options>
                <option key="0" value="UNKNOWN"/>
                <option key="1" value="SCANNED"/>
                <option key="2" value="UPLOADED"/>
                <option key="3" value="GENERATED"/>
				 <option key="3" value="ENTERED"/>
                <option key="99" value="OTHER"/>
            </options>
            <responseType>selection</responseType>
        </Question>
		<Question>
        	<!--GKShortDocHeader.comment-->
            <code>DOC_COMMENT</code>
            <label>DOC_COMMENT</label>	
            <question>Comment</question>
            <responseType>string</responseType>
			
        </Question> 
		     <Question>
			 	<!--GKShortDocHeader.capturedate-->
            <code>DOC_CAPTURE_DATE</code>
            <label>DOC_CAPTURE_DATE</label>
            <question>Dokument Capture Date</question>
            <responseType>date</responseType>
        </Question>
				     <Question>
			 	<!--GKShortDocHeader.captured_by (officerid)-->
            <code>DOC_CAPTURE_BY</code>
            <label>DOC_CAPTURE_BY</label>
            <question>Dokument Captured By</question>
            <responseType>string</responseType>
        </Question>
		  <Question>
             	<!--GKShortDocHeader.numPages-->
            <code>DOC_NUM_PAGES</code>
            <label>DOC_NUM_PAGES</label>
            <question>Number of Pages</question>
            <responseType>number</responseType>
        </Question>
		
		  <Question>
          <!-- spire sub record genkey internal cross reference  -->
		
            <code>DOC_PERSON_RECORD_ID</code>
            <label>DOC_PERSON_RECORD_ID</label>	
            <question>DOC_PERSON_RECORD_ID</question>
            <responseType>id</responseType>
        </Question> 
		<Question>
          <!-- spire primary record genkey internal cross reference  -->
		
            <code>DOC_GK_ID</code>
            <label>DOC_GK_ID</label>	
            <question>DOC_GK_ID</question>
            <responseType>id</responseType>
        </Question> 
		 <Question>
		  <!-- spire sub record genkey internal cross reference  -->
            <code>DOC_REPLACED</code>
            <label>DOC_REPLACED</label>
            <question>IS Replaced</question>
          
            <responseType>boolean</responseType>
        </Question>
		<Question>
            <!-- spire sub record genkey internal cross reference  -->
		
            <code>DOC_REPLACED_BY</code>
            <label>DOC_REPLACED_BY</label>	
            <question>DOC_REPLACED_BY</question>
            <responseType>id</responseType>
        </Question> 
		<Question>
            <!-- spire detail record genkey internal cross reference  -->
		
            <code>DOC_EXT</code>
            <label>DOC_EXT</label>	
            <question>DOC_EXT</question>
            <responseType>string</responseType>
        </Question> 
    </section>    


<!--
 <Question>
            <code>DISABILITY</code>
            <label>DISABILITY</label>
            <question>DISABILITY</question>
            <options>
                <option key="00" value="Unknown"/>
                <option key="01" value="No fingerprints"/>
                <option key="02" value="Albino"/>
                <option key="03" value="Reduced motor skills lower limbs"/>
                <option key="04" value="Reduced motor skills upper limbs"/>
                <option key="05" value="Psychic"/>
                
                    <option key="06" value="Deafness"/>
                    <option key="07" value="Blind"/>
                    <option key="99" value="Other"/>
                </options>
                <responseType>selection</responseType>
            </Question>
    -->
    <!-- the following are helper information for any trauma instance and not maintained per se in pmt -->
    <section code="TRM" label="Trauma" sectionType="genericdetail">
        <Question>
            <!-- genkey internal cross reference to uuid of trauma instance -->
		
            <code>TRM_RECORD_ID</code>
            <label>TRM_RECORD_ID</label>	
            <question>internal trauma reference</question>
            <responseType>id</responseType>
        </Question> 
        <Question>
            <!--- attempt to map the option codes to the Disabilities in SIMBA -->
            <code>TRM_TYPE</code>
            <label>TRM_TYPE</label>
            <question>TRAUMA_TYPE</question>
            <options>
                <option key="00" value="Unknown"/>
                <option key="01" value="MISSING_LIMB"/> <!-- missing fingerprints -->
                <option key="05" value="DUMB"/> <!-- Psychic -->
                <option key="06" value="DEAF"/> <!-- deaf -->
                <option key="07" value="BLIND"/> <!--blind -->
				
                <option key="10" value="FACIAL"/> <!--no Simba matching disability -->
                <option key="11" value="ILITERATE"/> <!--no Simba matching disability -->
                <option key="12" value="BAD_QUALITY"/> <!--no Simba matching disability -->
                <option key="13" value="DEAFandDUMB"/> <!-- means Deaf and blind ... no Simba matching disability -->
                <option key="14" value="INCOMPETENT"/> <!--no Simba matching disability -->
                <option key="15" value="UNABLE_TO_SIGN"/> <!--no Simba matching disability -->
                <option key="99" value="Other"/> <!-- other-->
            </options>
            <responseType>selection</responseType>
        </Question>
        <Question>
            <!--- TRAUMA DETAIL TYPE-->
            <code>TRM_TYPE_DETAIL</code>
            <label>TRM_TYPE_DETAIL</label>
            <question>TRAUMA_TYPE_DETAILS</question>
            <options>
                <option key="00" value="Unknown"/>
                <option key="01" value="TRAUMA_BOTH"/> 
                <option key="02" value="TRAUMA_FINGER"/> 
                <option key="03" value="TRAUMA_LEFT"/> 
                <option key="04" value="TRAUMA_RIGHT"/>
				
                <option key="05" value="TRAUMA_LEFT_HAND"/> 
                <option key="06" value="TRAUMA_RIGHT_HAND"/> 
                <option key="07" value="TRAUMA_ALL"/>
                <option key="99" value="TRAUMA_OTHER"/> <!-- other-->
            </options>
            <responseType>selection</responseType>
        </Question>
        <Question>
            <code>TRM_PERM</code>
            <label>TRM_PERM</label>
            <question>IS Permanent</question>
          
            <responseType>boolean</responseType>
        </Question>
        <Question>
            <code>TRM_ACTIVE</code>
            <label>TRM_ACTIVE</label>
            <question>IS Active</question>
          
            <responseType>boolean</responseType>
        </Question>
        <Question>
            <!-- fill it with the disability value and use type=TRAUMA_OTHER if there is no mapping to our trauma type already -->
            <code>TRM_DETAIL</code>
            <label>TRM_DETAIL</label>
            <question>TRM_DETAIL</question>
          
            <responseType>string</responseType>
        </Question>
        <Question>
            <code>TRM_VERIFIED_ON</code>
            <label>TRM_VERIFIED_ON</label>
            <question>TRM_VERIFIED_ON</question>
          
            <responseType>date</responseType>
        </Question>
        <Question>
            <code>TRM_DISMISSED_ON</code>
            <label>TRM_DISMISSED_ON</label>
            <question>TRM_DISMISSED_ON</question>
          
            <responseType>date</responseType>
        </Question>
        <Question>
            <!--for finger traumas -->
            <code>TRM_INSTANCE_ID</code>
            <label>TRM_INSTANCE_ID</label>
            <question>TRM_INSTANCE_ID</question>
          
            <responseType>number</responseType>
        </Question>
        <Question>
            <!-- spire sub record genkey internal cross reference  -->
		
            <code>TRM_PERSON_RECORD_ID</code>
            <label>TRM_PERSON_RECORD_ID</label>	
            <question>TRM_PERSON_RECORD_ID</question>
            <responseType>id</responseType>
        </Question> 
        <Question>
            <!-- spire primary record genkey internal cross reference  -->
		
            <code>TRM_GK_ID</code>
            <label>TRM_GK_ID</label>	
            <question>TRM_GK_ID</question>
            <responseType>id</responseType>
        </Question> 
        <Question>
            <!-- spire sub record genkey internal cross reference  -->
            <code>TRM_REPLACED</code>
            <label>TRM_REPLACED</label>
            <question>IS Replaced</question>
          
            <responseType>boolean</responseType>
        </Question>
        <Question>
            <!-- spire sub record genkey internal cross reference  -->
		
            <code>TRM_REPLACED_BY</code>
            <label>TRM_REPLACED_BY</label>	
            <question>TRM_REPLACED_BY</question>
            <responseType>id</responseType>
        </Question> 
        <Question>
            <!-- spire detail record genkey internal cross reference  -->
		
            <code>TRM_EXT</code>
            <label>TRM_EXT</label>	
            <question>TRM_EXT</question>
            <responseType>string</responseType>
        </Question> 
    </section>

   
    <!-- not yet used - expecting clarification of information during the actual deployment phase of the project -->
    <section code="CAP" label="CardPickup" sectionType="genericdetail">
        <Question>
            <code>CAP_SER</code>
            <label>CAP_SER</label>	
            <question>Card Serialnumber</question>
            <responseType>id</responseType>
         
        </Question>
        <Question>
            <code>CAP_RECID</code>
            <label>CAP_RECID</label>	
            <question>CAR Record ID</question>
            <responseType>id</responseType>
        </Question>
        <Question>
            <code>CAP_DATE</code>
            <label>CAP_DATE</label>
            <question>Card Pickup Date</question>
            <responseType>date</responseType>
        </Question>
        <Question>
            <code>CAP_BY_OWNER</code>
            <label>CAP_BY_OWNER</label>
            <question>Pickup By Owner</question>
            <responseType>boolean</responseType>
            <remarks>If no name etc should be answered </remarks>
        </Question>
        <Question>
            <code>CAP_VERIFIED</code>
            <label>CAP_VERIFIED</label>
            <question>OWNER Verified</question>
            <responseType>boolean</responseType>
            <remarks>if picked up by owner should be true</remarks>
        </Question>
        <Question>
            <code>CAP_SURNAME</code>
            <label>Surname</label>
            <question>Surname</question>
            <responseType>string</responseType>
            <remarks>if not picked up by owner</remarks>
        </Question>

	
	
        <Question>
            <code>CAP_FIRSTNAME</code>
            <label>First Name</label>
            <question>FIRSTNAME</question>
            <responseType>string</responseType>
            <remarks>if not picked up by owner</remarks>
        </Question>
        <Question>
            <code>CAP_IDENTIFICATION</code>
            <label>IDENTIFICATION</label>
            <question>ID Number</question>
            <responseType>string</responseType>
            <remarks>if not picked up by owner</remarks>
        </Question>
        <Question>
            <code>CAP_IDENTIFICATIONTYPE</code>
            <label>Identification TYPE</label>
            <question>Identification Type</question>
           
            <responseType>string</responseType>
            <remarks>options_documenttypes</remarks>
        </Question>  
        <Question>
            <code>CAP_OFFICER_ID</code>
            <label>OFFICER_ID</label>
            <question>Officer ID</question>
            <responseType>string</responseType>

        </Question>
        <Question>
            <code>CAP_STATION_ID</code>
            <label>STATION_ID</label>
            <question>STATION ID</question>
            <responseType>string</responseType>

        </Question>
        <Question>
            <code>CAP_CENTER_ID</code>
            <label>CENTER_ID</label>
            <question>Center ID</question>
            <responseType>string</responseType>
        </Question>
    </section>
    
    <!-- UNUSED IN SIMBA ... replaced by the various "just documents" -->
    <section code="BID" label="Identifications" sectionType="memberdetail">
	
        <Question>
            <code>CI_IDENTIFICATIONTYPE</code>
            <label>Identification TYPE</label>
            <question>Identification Type</question>
            <options>
                <option key="1" value="NATIONAL_ID"/>
                <option key="2" value="PASSPORT"/>
                <option key="3" value="CIVIL_SERVICE_ID"/> <!--replaced ALien ID -->
                <option key="4" value="BIRTH_CERTIFICATE"/>
                <option key="5" value="BIRTH_NOTIFICATION_CARD"/>
                <option key="6" value="DRIVER_LICENSE"/>
                <option key="7" value="STUDENT_ID"/>
                <option key="8" value="SOCIAL_SECURITY_ID"/>
                <option key="9" value="VOTER_ID"/>
                <option key="10" value="INSURANCE_ID"/>
                <option key="11" value="ALIEN_ID"/>
                <option key="99" value="OTHER"/>
            </options>
               
            <responseType>selection</responseType>
           
        </Question>  

    </section>
    <section code="poe" label="Proof_of_Entry" sectionType="memberdetail">
       
        <Question>
            <code>POE_ENTRY_DATE</code>
            <label>POE_ENTRY_DATE</label>
            <question>Date of Entry</question>
            <responseType>date</responseType>
        </Question>
		<Question>
            <code>POE_ENTRY_DATE_CONFIRMED</code>
            <label>POE_ENTRY_DATE_CONFIRMED</label>
            <question>Confirmed date of entry</question>
            <responseType>date</responseType>
        </Question>
       
        <Question>
            <code>POE_OFFICERID</code>
            <label>PoE Officer ID</label>
            <question>PoE Officer</question>
            <responseType>string</responseType>
        </Question>
        <Question>
            <code>POE_STATIONID</code>
            <label>PoE Station ID</label>
            <question>PoE Station</question>
            <responseType>string</responseType>
        </Question>
         <Question>
            <code>POE_CONFIRMED_OFFICERID</code>
            <label>POE_CONFIRMED_OFFICERID</label>
            <question>POE_CONFIRMED_OFFICERID</question>
            <responseType>string</responseType>
        </Question>
		<Question>
		<!--  reference to the scanned document showing proof of entry -->
            <code>POE_DOC</code>
            <label>POE_DOC</label>	
            <question>POE_DOC</question>
            <responseType>id</responseType>
        </Question> 
    </section>
</PMT>
