<?xml version="1.0" encoding="UTF-8" standalone="yes"?>
<CardConfiguration>
<standardExpiry>3</standardExpiry>
<propPreferedFingers>2,7</propPreferedFingers>
<!--<propPreferedFingers>2</propPreferedFingers>-->
<relevantList>
<relevant section="B" code="UUID"/>
<relevant section="B" code="ASSIGNED_GROUP"/>
<relevant section="B" code="B4"/>
<relevant section="B" code="PUBLIC_PERSON_ID"/>
<relevant section="B" code="OCCUPATIONCODE"/>
<relevant section="B" code="SURNAME"/>
<relevant section="B" code="FIRSTNAMES"/>
<relevant section="B" code="OTHER_NAMES_1"/>
<relevant section="B" code="GENDER"/>
<relevant section="B" code="DATE_OF_BIRTH"/>
<relevant section="B" code="CRT_ID_TRIGGER"/>
<relevant section="BR" code="BR2"/>
<relevant section="BR" code="BR1"/>
</relevantList>
<!--<barcodeDescriptor>SI_CS</barcodeDescriptor>-->
<barcodeDescriptor>TZSI_20.bc</barcodeDescriptor>

<barcodeFormat>pdf417</barcodeFormat>
<pd417fColums>14</pd417fColums>
<pdfECL>1</pdfECL>
<!--<pdfPixelsPerCM>118</pdfPixelsPerCM>-->
<pdfPixelsPerCM>118</pdfPixelsPerCM>
<!--<barcodeFormat>b4j_pdf417</barcodeFormat>-->
<logoLocation>/genkey_internal/3/ext/SI/cards/SI-logo-102x60.png</logoLocation>
<signatureLocation>/genkey_internal/3/ext/SI/cards/signature-tr.png</signatureLocation>
<!--<lostCardContact>Simu: +255 26230051, Fax: +255 26 2322282</lostCardContact>-->
<preferedLocal>sw</preferedLocal>
<dateFormat>EU1</dateFormat>
<logoFormat>png</logoFormat>
<signatureFormat>png</signatureFormat>

<defaultCardLocation>/genkey_internal/3/ext/SI/cards/SIMemberCardLocalized.jrxml</defaultCardLocation>
<defaultCardResourceBundleLocation>in18/femembercardlocale</defaultCardResourceBundleLocation>
<otherPDFCards>
<pdfCard cardType="XYZ" code="/genkey_internal/3/ext/SI/cards/SIMemberCardLocalizedXYZ.jrxml" resourceBundleLocation="in18/femembercardlocale"/>
</otherPDFCards>

<!-- supported date formats :
 US0 -> "yyyy-MM-dd
        US1 -> yyyy/MM/dd 
        US2 -> yyyy.MM.dd 
        UK1 -> MMM dd, yyyy 
        EU1 -> dd.MMM.yyyy 
         EU2 -> dd.MM.yyyy 
         EU3 -> dd-MM-yyyy 
         EU5 -> dd/MM/yyyy 
-->
</CardConfiguration>