{
  "project": "TZFE_20",
  "projectFullName": "TZ FE",
  "projectTag": "FE",
  "descriptors": [
    {
      "itemKey": "CID",
      "order": 0,
      "name": "Current ID Card Number",
      "dataType": "STRING",
      "required": true,
      "displayable": "AS_STRING",
      "labelKey": "CRT_ID_CARD_ID"
    },
    {
      "itemKey": "UUID",
      "order": 1,
      "name": "UUID",
      "dataType": "STRING",
      "required": true,
      "displayable": "AS_STRING",
      "labelKey": "UUID"
    },
    {
      "itemKey": "PPI",
      "order": 2,
      "name": "PUBLIC_PERSON_ID",
      "dataType": "STRING",
      "required": true,
      "displayable": "AS_STRING",
      "labelKey": "PUBLIC_PERSON_ID"
    },
    {
      "itemKey": "OC",
      "order": 3,
      "name": "OCCUPATIONCODE",
      "dataType": "false",
      "required": true,
      "displayable": "AS_INT",
      "labelKey": "OCCUPATIONCODE"
    },
    {
      "itemKey": "SN",
      "order": 4,
      "name": "SURNAME",
      "dataType": "STRING",
      "required": false,
      "displayable": "AS_STRING",
      "labelKey": "SURNAME",
      "maxLength": 6
    },
    {
      "itemKey": "FN",
      "order": 5,
      "name": "FIRSTNAMES",
      "dataType": "STRING",
      "required": false,
      "displayable": "AS_STRING",
      "labelKey": "FIRSTNAMES",
      "maxLength": 1
    },
    {
      "itemKey": "DB",
      "order": 6,
      "name": "DATE_OF_BIRTH",
      "dataType": "STRING",
      "required": false,
      "displayable": "AS_DATE",
      "labelKey": "DATE_OF_BIRTH"
    },
    {
      "itemKey": "CEX",
      "order": 7,
      "name": "Expiry",
      "dataType": "STRING",
      "required": false,
      "displayable": "AS_DATE",
      "labelKey": "CEX"
    },
    {
      "itemKey": "CVF",
      "order": 8,
      "name": "Validfrom",
      "dataType": "STRING",
      "required": false,
      "displayable": "AS_DATE",
      "labelKey": "CVF"
    },
    {
      "itemKey": "BR2",
      "order": 9,
      "name": "BADRADR1",
      "dataType": "STRING",
      "required": false,
      "displayable": "AS_STRING",
      "labelKey": "BR2"
    },
      {
          "itemKey": "LC",
          "order": 10,
          "name": "LOCALE",
          "dataType": "STRING",
          "required": false,
          "displayable": "AS_STRING",
          "labelKey": "LOCALE"
      },
    {
      "itemKey": "BHK",
      "order": 11,
      "name": "BHS",
      "dataType": "STRING",
      "required": false,
      "displayable": "NOT_DISPLAYABLE",
      "labelKey": "BHK"
    },
    {
      "itemKey": "BH",
      "order": 12,
      "name": "BHS",
      "dataType": "PK",
      "required": false,
      "displayable": "NOT_DISPLAYABLE",
      "labelKey": "BH"
    },
    {
      "itemKey": "FTN",
      "order": 13,
      "name": "FTN",
      "dataType": "PK",
      "required": false,
      "displayable": "NOT_DISPLAYABLE",
      "labelKey": "FTN"
    },
    {
      "itemKey": "BF",
      "order": 14,
      "name": "BF",
      "dataType": "PK",
      "required": false,
      "displayable": "NOT_DISPLAYABLE",
      "labelKey": "BF"
    }
  ],
  "subjectIdIndicator": {
    "itemKey": "PPI",
    "order": 2,
    "name": "PPI",
    "dataType": "STRING",
    "required": true,
    "displayable": "AS_STRING",
    "labelKey": "PPI"
  },
  "fingerDescriptors": [
    {
      "templatekey": "BH",
      "nistIndexKey": "BH"
    }
  ],
  "labels": {
    "en": {
      "language": "en",
      "labels": [
        {
          "labelKey": "CRT_ID_CARD_ID",
          "displayValue": "Current ID Card Number"
        },
        {
          "labelKey": "UUID",
          "displayValue": "Unique Person ID"
        },
        {
          "labelKey": "PUBLIC_PERSON_ID",
          "displayValue": "Member Number"
        },
        {
          "labelKey": "OCCUPATIONCODE",
          "displayValue": "Mining Category"
        },
        {
          "labelKey": "SURNAME",
          "displayValue": "Surname"
        },
        {
          "labelKey": "FIRSTNAMES",
          "displayValue": "Firstnames"
        },
        {
          "labelKey": "GENDER",
          "displayValue": "Gender"
        },
        {
          "labelKey": "DATE_OF_BIRTH",
          "displayValue": "Date of Birth"
        },
        {
          "labelKey": "BR2",
          "displayValue": "Workplace"
        },
        {
          "labelKey": "CEX",
          "displayValue": "Expiration Date"
        },
        {
          "labelKey": "CVF",
          "displayValue": "Date of Issue"
        },
        {
          "labelKey": "BH",
          "displayValue": "BHS"
        },
        {
          "labelKey": "BHK",
          "displayValue": "BHK"
        },
        {
          "labelKey": "FTN",
          "displayValue": "FTN"
        },
        {
          "labelKey": "BF",
          "displayValue": "BF"
        }
      ,
          {
              "labelKey": "LC",
              "displayValue": "Language"
          }
      ]
    },
    "fr": {
      "language": "fr",
      "labels": [
        {
          "labelKey": "CRT_ID_CARD_ID",
          "displayValue": "Numéro de carte d''identité"
        },
        {
          "labelKey": "UUID",
          "displayValue": "ID de Personne Unique"
        },
        {
          "labelKey": "PUBLIC_PERSON_ID",
          "displayValue": "Numéro de membre"
        },
        {
          "labelKey": "OCCUPATIONCODE",
          "displayValue": "Catégorie minière"
        },
        {
          "labelKey": "SURNAME",
          "displayValue": "Nom de famille"
        },
        {
          "labelKey": "FIRSTNAMES",
          "displayValue": "Prénoms"
        },
        {
          "labelKey": "GENDER",
          "displayValue": "Sexe"
        },
        {
          "labelKey": "DATE_OF_BIRTH",
          "displayValue": "Date de Naissance"
        },
        {
          "labelKey": "BR2",
          "displayValue": "Lieu de travail"
        },
        {
          "labelKey": "CEX",
          "displayValue": "Date d'Expiration"
        },
        {
          "labelKey": "CVF",
          "displayValue": "Date d'émission"
        },
        {
          "labelKey": "BH",
          "displayValue": "BHS"
        },
        {
          "labelKey": "BHK",
          "displayValue": "BHK"
        },
        {
          "labelKey": "FTN",
          "displayValue": "FTN"
        },
        {
          "labelKey": "BF",
          "displayValue": "BF"
        }
      ,
        {
          "labelKey": "LC",
          "displayValue": "Langue"
        }
      ]
    },
    "sw": {
      "language": "sw",
      "labels": [
        {
          "labelKey": "CRT_ID_CARD_ID",
          "displayValue": "Nambari ya Kadi ya Kitambulisho"
        },
        {
          "labelKey": "UUID",
          "displayValue": "Kitambulisho cha Mtu wa kipekee"
        },
        {
          "labelKey": "PUBLIC_PERSON_ID",
          "displayValue": "Nambari ya Mwanachama"
        },
        {
          "labelKey": "OCCUPATIONCODE",
          "displayValue": "Jamii ya Madini"
        },
        {
          "labelKey": "SURNAME",
          "displayValue": "Jina la Ukoo"
        },
        {
          "labelKey": "FIRSTNAMES",
          "displayValue": "Majina ya kwanza"
        },
        {
          "labelKey": "GENDER",
          "displayValue": "Jinsia"
        },
        {
          "labelKey": "DATE_OF_BIRTH",
          "displayValue": "Tarehe ya Kuzaliwa"
        },
        {
          "labelKey": "BR2",
          "displayValue": "Mahali pa kazi"
        },
        {
          "labelKey": "CEX",
          "displayValue": "Tarehe ya kumalizika muda"
        },
        {
          "labelKey": "CVF",
          "displayValue": "Tarehe ya Kutolewa"
        },
        {
          "labelKey": "BH",
          "displayValue": "BHS"
        },
        {
          "labelKey": "BHK",
          "displayValue": "BHK"
        },
        {
          "labelKey": "FTN",
          "displayValue": "FTN"
        },
        {
          "labelKey": "BF",
          "displayValue": "BF"
        } ,
          {
              "labelKey": "LC",
              "displayValue": "Lugha"
          }
      ]
    }
  }
}