{
  "barcodeDescriptorName": "TZFE_20.bc.json",
  "dsDefName": "TZFE_20.deus.json",
  "bc_DigSigMap": [
    {
      "itemKey": "LC",
      "fieldid": "locale"
    },
    {
      "itemKey": "DB",
      "fieldid": "lbir"
    },
    {
      "itemKey": "CEX",
      "fieldid": "lexp"
    },
    {
      "itemKey": "FN",
      "fieldid": "lfir"
    },
    {
      "itemKey": "SN",
      "fieldid": "llas"
    },
    {
      "itemKey": "CVF",
      "fieldid": "liss"
    },
    {
      "itemKey": "BR2",
      "fieldid": "lloc"
    },
    {
      "itemKey": "PPI",
      "fieldid": "lmem"
    },
    {
      "itemKey": "OC",
      "fieldid": "locc"
    },

    {
      "itemKey": "CID",
      "fieldid": "lser"
    },
    {
      "itemKey": "BHK",
      "fieldid": "biokey"
    }
  ],
  "bc_BMMap": [
    "CID",
    "PPI",
    "BH",
    "FTN",
    "BF"
  ],
  "bc_DSHeader": [
    "specificationversion",
    "dauri",
    "daid",
    "cid",
    "verificationuri",
    "revocationuri"
  ],
  "bc_BMVAL": "BHK",
  "bc_ENC": false
}