{
    "datafields": [
        {
            "fieldid": "specificationversion"
        },
        {
            "fieldid": "dauri"
        },
        {
            "fieldid": "daid"
        },
        {
            "fieldid": "cid"
        },
        {
            "fieldid": "signature"
        },
        {
            "fieldid": "timestamp"
        },
		{
            "fieldid": "locale",
            "fieldname": {
                "en": "Language",
				"fr": "Langue",
				"de": "Sprache",
				"sw": "Lugha",
				"es": "Lengua",
				"pt": "Língua"
            },
            "enumvalues": [
                "en",
                "fr",
                "de",
                "sw",
				"es",
				"pt"
            ],
            "type": "enum",
            "nullable": false
        },
		 {
"fieldid": "lbir",
            "fieldname": {
                "en": "Date of birth",
				"fr": "Date de naissance",
				"de": "Geburtsdatum",
				"sw": "Tarehe ya Kuzaliwa",
				"es": "Fecha de nacimiento",
				"pt": "Data de nascimento"
            },
             "range": "[0-9.]",
            "type": "string"
        },
 {"fieldid": "lexp",
            "fieldname": {
                "en": "Date of Expiry",
				"fr": "Date d'expiration",
				"de": "Gültig bis",
				"sw": "Tarehe ya Kumalizika",
				"es": "Fecha de expiración",
				"pt": "Data de Expiração"
            },
           "range": "[0-9.]",
            "type": "string"
        },
 {"fieldid": "lfir",
            "fieldname": {
                "en": "Firstname",
				"fr": "Prénom",
				"de": "Vorname",
				"sw": "Jina la Kwanza",
				"es": "Nombre propio",
				"pt": "Primeiro nome"
            },
            
            "type": "string"
        },
 {"fieldid": "llas",
            "fieldname": {
                "en": "Lastname",
				"fr": "Nom de famille",
				"de": "Nachname",
				"sw": "Jina",
				"es": "Apellido",
				"pt": "Sobrenome"
            },
          
            "type": "string"
        },
 {"fieldid": "liss",
            "fieldname": {
                "en": "Date of Issue",
				"fr": "Date d'Emission",
				"de": "Ausgabedatum",
				"sw": "Tarehe ya Kutolewa",
				"es": "Fecha de emisión",
				"pt": "Data de emissão"
            },
           "range": "[0-9.]",
            "type": "string"
        },
 {"fieldid": "lloc",
            "fieldname": {
                "en": "Location",
				"fr": "Emplacement",
				"de": "Ort",
				"sw": "Mahali",
				"es": "Localización",
				"pt": "Localização"
            },
           
            "type": "string"
        },
 {"fieldid": "lmem",
            "fieldname": {
                "en": "Member ID",
				"fr": "ID membres",
				"de": "Mitgliedsnummer",
				"sw": "Nambari ya Mwanachama",
				"es": "Identificación de miembro",
				"pt": "ID de membro"
            },
            "range": "[A-Z0-9-]",
            "type": "string"
        },
 {"fieldid": "locc",
            "fieldname": {
                "en": "Mining Category",
				"fr": "Catégorie minière",
				"de": "Bergbaukategorie",
				"sw": "Jamii ya Madini",
				"es": "Categoría de minería",
				"pt": "Categoria de Mineração"
            },
          
            "type": "string"
        },
 {"fieldid": "lser",
            "fieldname": {
                "en": "Serialnumber",
				"fr": "Numéro de série",
				"de": "Ordnungsnummer",
				"sw": "Nambari ya serial",
				"es": "Número de serie",
				"pt": "Número de série"
            },
           
            "type": "string"
        },

        

	{"fieldid": "biokey",
            "fieldname": {
                "en": "Biokey",
				"fr": "Biokey",
				"de": "Biokey",
				"sw": "Biokey",
				"es": "Biokey",
				"pt": "Biokey "
            },
           
            "type": "string"
        }
        
    ],
    "digsiginfo": {
        "dauri": "https://dauri.uvalid.io",
        "verificationuri": null,
        "revocationuri": null,
        "specificationversion": "ISO/IEC 20248:2018",
        "daid": "QC TZFE",
        "cid": 20
    }
}